"route","legacyStatus","nextStatus","titleMatch","legacyTitle","nextTitle","descriptionMatch","legacyDescription","nextDescription","canonicalMatch","legacyCanonical","nextCanonical","robotsMatch","legacyRobots","nextRobots","legacyJsonLdCount","nextJsonLdCount","legacySchemaTypes","legacyOpenGraphCount","nextOpenGraphCount","legacyTwitterCount","nextTwitterCount","legacyH1Count","nextH1Count","h1TextMatch","legacyWordCount","nextWordCount","wordCountDelta","legacyImagesMissingAlt","nextImagesMissingAlt"
"/","200","200","true","LuminousEngineering - #1 Rated Home Renovation & Handyman Singapore – Luminous Engineering","LuminousEngineering - #1 Rated Home Renovation & Handyman Singapore – Luminous Engineering","true","Luminous Engineering offers Top-notch Home-renovation & Handyman service and More · Serving Singapore · Call +65 8183 6772 · Fully Insured Team.","Luminous Engineering offers Top-notch Home-renovation & Handyman service and More · Serving Singapore · Call +65 8183 6772 · Fully Insured Team.","true","https://luminousengineering.com.sg/","https://luminousengineering.com.sg","false","index, follow","index, follow, max-snippet:-1, max-video-preview:-1, max-image-preview:large","2","2","AggregateRating | Answer | BreadcrumbList | Country | FAQPage | HomeAndConstructionBusiness | ListItem | Offer | OfferCatalog | OpeningHoursSpecification | Organization | Person | PostalAddress | Question | Rating | Review | Service","7","7","4","4","1","1","true","2474","2474","0","0","0"
"/about","200","200","true","About Us – Luminous Engineering PTE Ltd.","About Us – Luminous Engineering PTE Ltd.","true","Luminous Engineering Singapore – delivering quality home renovations, swimming pool projects & handyman services you can trust.","Luminous Engineering Singapore – delivering quality home renovations, swimming pool projects & handyman services you can trust.","true","https://luminousengineering.com.sg/about","https://luminousengineering.com.sg/about","false","","index, follow, max-snippet:-1, max-video-preview:-1, max-image-preview:large","1","1","Answer | FAQPage | Question","0","7","0","4","1","1","true","2274","2274","0","5","5"
"/blog","200","200","true","Blog — Luminous Engineering","Blog — Luminous Engineering","true","Insights, tips, and news from Luminous Engineering. Stay updated with the latest in home renovation and maintenance.","Insights, tips, and news from Luminous Engineering. Stay updated with the latest in home renovation and maintenance.","true","https://luminousengineering.com.sg/blog","https://luminousengineering.com.sg/blog","false","","index, follow, max-snippet:-1, max-video-preview:-1, max-image-preview:large","1","1","Blog | BlogPosting | ImageObject | Organization","0","7","0","4","1","1","true","3289","3289","0","0","0"
"/blog/best-appliances-repair-handyman-singapore","200","200","true","5 Best Appliances Repair Handyman Singapore [2026] | Luminous Engineering","5 Best Appliances Repair Handyman Singapore [2026] | Luminous Engineering","true","Restore your home or business appliances efficiently. Here are the top 5 appliance repair handyman services in Singapore.","Restore your home or business appliances efficiently. Here are the top 5 appliance repair handyman services in Singapore.","true","https://luminousengineering.com.sg/blog/best-appliances-repair-handyman-singapore","https://luminousengineering.com.sg/blog/best-appliances-repair-handyman-singapore","false","follow, index, max-snippet:-1, max-video-preview:-1, max-image-preview:large","index, follow, max-snippet:-1, max-video-preview:-1, max-image-preview:large","1","1","BlogPosting | ImageObject | Organization","0","7","0","4","1","1","true","1989","1989","0","0","0"
"/blog/best-basement-waterproofing-services-singapore","200","200","true","5 Best Basement Waterproofing Services Singapore [2026] | Luminous Engineering","5 Best Basement Waterproofing Services Singapore [2026] | Luminous Engineering","true","Protect your basement from leaks and dampness. Explore our 5 best basement waterproofing services in Singapore.","Protect your basement from leaks and dampness. Explore our 5 best basement waterproofing services in Singapore.","true","https://luminousengineering.com.sg/blog/best-basement-waterproofing-services-singapore","https://luminousengineering.com.sg/blog/best-basement-waterproofing-services-singapore","false","follow, index, max-snippet:-1, max-video-preview:-1, max-image-preview:large","index, follow, max-snippet:-1, max-video-preview:-1, max-image-preview:large","1","1","BlogPosting | ImageObject | Organization","0","7","0","4","1","1","true","1995","1995","0","0","0"
"/blog/best-commercial-epoxy-flooring-singapore","200","200","true","5 Best Commercial Epoxy Flooring in Singapore [2026] | Luminous Engineering","5 Best Commercial Epoxy Flooring in Singapore [2026] | Luminous Engineering","true","Explore top options for commercial epoxy flooring in Singapore. Find reliable contractors to improve your office, warehouse or retail space.","Explore top options for commercial epoxy flooring in Singapore. Find reliable contractors to improve your office, warehouse or retail space.","true","https://luminousengineering.com.sg/blog/best-commercial-epoxy-flooring-singapore","https://luminousengineering.com.sg/blog/best-commercial-epoxy-flooring-singapore","false","follow, index, max-snippet:-1, max-video-preview:-1, max-image-preview:large","index, follow, max-snippet:-1, max-video-preview:-1, max-image-preview:large","1","1","BlogPosting | ImageObject | Organization","0","7","0","4","1","1","true","2013","2013","0","0","0"
"/blog/best-door-repair-handyman-singapore","200","200","true","5 Best Door Repair Handyman Singapore [2026] | Luminous Engineering","5 Best Door Repair Handyman Singapore [2026] | Luminous Engineering","true","Fix door hinges, locks, and frames fast. Find the top 5 door repair handyman services in Singapore in our 2026 guide.","Fix door hinges, locks, and frames fast. Find the top 5 door repair handyman services in Singapore in our 2026 guide.","true","https://luminousengineering.com.sg/blog/best-door-repair-handyman-singapore","https://luminousengineering.com.sg/blog/best-door-repair-handyman-singapore","false","follow, index, max-snippet:-1, max-video-preview:-1, max-image-preview:large","index, follow, max-snippet:-1, max-video-preview:-1, max-image-preview:large","1","1","BlogPosting | ImageObject | Organization","0","7","0","4","1","1","true","1850","1850","0","0","0"
"/blog/best-drilling-and-installation-handyman-singapore","200","200","true","5 Best Drilling & Installation Handyman Singapore [2026] | Luminous Engineering","5 Best Drilling & Installation Handyman Singapore [2026] | Luminous Engineering","true","Mount shelves, TVs, and fixtures securely. Check out the top 5 drilling and installation handyman services in Singapore.","Mount shelves, TVs, and fixtures securely. Check out the top 5 drilling and installation handyman services in Singapore.","true","https://luminousengineering.com.sg/blog/best-drilling-and-installation-handyman-singapore","https://luminousengineering.com.sg/blog/best-drilling-and-installation-handyman-singapore","false","follow, index, max-snippet:-1, max-video-preview:-1, max-image-preview:large","index, follow, max-snippet:-1, max-video-preview:-1, max-image-preview:large","1","1","BlogPosting | ImageObject | Organization","0","7","0","4","1","1","true","1988","1988","0","0","0"
"/blog/best-electrician-services-singapore-2026","200","200","true","10 Best Electrician Services in Singapore [2026] | Luminous Engineering","10 Best Electrician Services in Singapore [2026] | Luminous Engineering","true","Something electrical going wrong at home has a way of feeling urgent even when it isn't dangerous. A socket that sparks when you plug in the kettle, a light…","Something electrical going wrong at home has a way of feeling urgent even when it isn't dangerous. A socket that sparks when you plug in the kettle, a light…","true","https://luminousengineering.com.sg/blog/best-electrician-services-singapore-2026","https://luminousengineering.com.sg/blog/best-electrician-services-singapore-2026","false","follow, index, max-snippet:-1, max-video-preview:-1, max-image-preview:large","index, follow, max-snippet:-1, max-video-preview:-1, max-image-preview:large","1","1","BlogPosting | ImageObject | Organization","0","7","0","4","1","1","true","4023","4023","0","0","0"
"/blog/best-electrician-singapore","200","200","true","The Best 10 Electrician in Singapore [2026] | Luminous Engineering","The Best 10 Electrician in Singapore [2026] | Luminous Engineering","true","Find the 10 best electricians in Singapore for 2026. Compare licensed electrical contractors for wiring, DB box, power point installation, and 24/7 emergency service.","Find the 10 best electricians in Singapore for 2026. Compare licensed electrical contractors for wiring, DB box, power point installation, and 24/7 emergency service.","true","https://luminousengineering.com.sg/blog/best-electrician-singapore","https://luminousengineering.com.sg/blog/best-electrician-singapore","false","follow, index, max-snippet:-1, max-video-preview:-1, max-image-preview:large","index, follow, max-snippet:-1, max-video-preview:-1, max-image-preview:large","1","1","BlogPosting | ImageObject | Organization","0","7","0","4","1","1","true","4718","4718","0","0","0"
"/blog/best-epoxy-flooring-contractors-singapore","200","200","true","10 Best Epoxy Flooring Contractors Singapore [2026] | Luminous Engineering","10 Best Epoxy Flooring Contractors Singapore [2026] | Luminous Engineering","true","Discover the 10 best epoxy flooring contractors in Singapore for 2026. Compare services, pricing per sqm, and expertise for residential and commercial epoxy floors.","Discover the 10 best epoxy flooring contractors in Singapore for 2026. Compare services, pricing per sqm, and expertise for residential and commercial epoxy floors.","true","https://luminousengineering.com.sg/blog/best-epoxy-flooring-contractors-singapore","https://luminousengineering.com.sg/blog/best-epoxy-flooring-contractors-singapore","false","follow, index, max-snippet:-1, max-video-preview:-1, max-image-preview:large","index, follow, max-snippet:-1, max-video-preview:-1, max-image-preview:large","1","1","BlogPosting | ImageObject | Organization","0","7","0","4","1","1","true","5028","5028","0","0","0"
"/blog/best-handyman-singapore","200","200","true","The Best 10 Handyman in Singapore [2026] | Luminous Engineering","The Best 10 Handyman in Singapore [2026] | Luminous Engineering","true","Looking for a reliable handyman in Singapore? Here are the 10 best handyman services in 2026 for furniture assembly, plumbing, electrical, painting, and more.","Looking for a reliable handyman in Singapore? Here are the 10 best handyman services in 2026 for furniture assembly, plumbing, electrical, painting, and more.","true","https://luminousengineering.com.sg/blog/best-handyman-singapore","https://luminousengineering.com.sg/blog/best-handyman-singapore","false","follow, index, max-snippet:-1, max-video-preview:-1, max-image-preview:large","index, follow, max-snippet:-1, max-video-preview:-1, max-image-preview:large","1","1","BlogPosting | ImageObject | Organization","0","7","0","4","1","1","true","4498","4498","0","0","0"
"/blog/best-marble-polishing-handyman-singapore","200","200","true","5 Best Marble Polishing Handyman Singapore [2026] | Luminous Engineering","5 Best Marble Polishing Handyman Singapore [2026] | Luminous Engineering","true","Restore the shine of your marble floors. Discover the top 5 marble polishing handyman services in Singapore.","Restore the shine of your marble floors. Discover the top 5 marble polishing handyman services in Singapore.","true","https://luminousengineering.com.sg/blog/best-marble-polishing-handyman-singapore","https://luminousengineering.com.sg/blog/best-marble-polishing-handyman-singapore","false","follow, index, max-snippet:-1, max-video-preview:-1, max-image-preview:large","index, follow, max-snippet:-1, max-video-preview:-1, max-image-preview:large","1","1","BlogPosting | ImageObject | Organization","0","7","0","4","1","1","true","1988","1988","0","0","0"
"/blog/best-painting-companies-singapore","200","200","true","20 Best Painting Companies in Singapore [2026] | Luminous Engineering","20 Best Painting Companies in Singapore [2026] | Luminous Engineering","true","Discover the 20 best painting companies in Singapore for 2026. Compare top painters for HDB, condo, landed, and commercial painting services with honest pricing.","Discover the 20 best painting companies in Singapore for 2026. Compare top painters for HDB, condo, landed, and commercial painting services with honest pricing.","true","https://luminousengineering.com.sg/blog/best-painting-companies-singapore","https://luminousengineering.com.sg/blog/best-painting-companies-singapore","false","follow, index, max-snippet:-1, max-video-preview:-1, max-image-preview:large","index, follow, max-snippet:-1, max-video-preview:-1, max-image-preview:large","1","1","BlogPosting | ImageObject | Organization","0","7","0","4","1","1","true","6362","6362","0","0","0"
"/blog/best-plumbing-companies-singapore","200","200","true","10 Best Plumbing Companies in Singapore [2026] | Luminous Engineering","10 Best Plumbing Companies in Singapore [2026] | Luminous Engineering","true","Find the 10 best plumbing companies in Singapore for 2026. Compare top plumbers for pipe repair, leak fixing, toilet installation, and 24/7 emergency plumbing.","Find the 10 best plumbing companies in Singapore for 2026. Compare top plumbers for pipe repair, leak fixing, toilet installation, and 24/7 emergency plumbing.","true","https://luminousengineering.com.sg/blog/best-plumbing-companies-singapore","https://luminousengineering.com.sg/blog/best-plumbing-companies-singapore","false","follow, index, max-snippet:-1, max-video-preview:-1, max-image-preview:large","index, follow, max-snippet:-1, max-video-preview:-1, max-image-preview:large","1","1","BlogPosting | ImageObject | Organization","0","7","0","4","1","1","true","4584","4584","0","0","0"
"/blog/best-pool-maintenance-companies-singapore-2026","200","200","true","10 Best Pool Maintenance Companies in Singapore [2026] | Luminous Engineering","10 Best Pool Maintenance Companies in Singapore [2026] | Luminous Engineering","true","A pool in Singapore's climate doesn't stay clean by accident. Between the heat, the humidity, and near-daily rain, algae and cloudy water build up faster here…","A pool in Singapore's climate doesn't stay clean by accident. Between the heat, the humidity, and near-daily rain, algae and cloudy water build up faster here…","true","https://luminousengineering.com.sg/blog/best-pool-maintenance-companies-singapore-2026","https://luminousengineering.com.sg/blog/best-pool-maintenance-companies-singapore-2026","false","follow, index, max-snippet:-1, max-video-preview:-1, max-image-preview:large","index, follow, max-snippet:-1, max-video-preview:-1, max-image-preview:large","1","1","BlogPosting | ImageObject | Organization","0","7","0","4","1","1","true","4001","4001","0","0","0"
"/blog/best-residential-epoxy-flooring-singapore","200","200","true","5 Best Residential Epoxy Flooring Singapore [2026] | Luminous Engineering","5 Best Residential Epoxy Flooring Singapore [2026] | Luminous Engineering","true","Discover the top residential epoxy flooring options in Singapore. Find the perfect fit for your home and lifestyle with our top 5 recommendations.","Discover the top residential epoxy flooring options in Singapore. Find the perfect fit for your home and lifestyle with our top 5 recommendations.","true","https://luminousengineering.com.sg/blog/best-residential-epoxy-flooring-singapore","https://luminousengineering.com.sg/blog/best-residential-epoxy-flooring-singapore","false","follow, index, max-snippet:-1, max-video-preview:-1, max-image-preview:large","index, follow, max-snippet:-1, max-video-preview:-1, max-image-preview:large","1","1","BlogPosting | ImageObject | Organization","0","7","0","4","1","1","true","1876","1876","0","0","0"
"/blog/best-roof-repair-services-singapore","200","200","true","5 Best Roof Repair Services Singapore [2026] | Luminous Engineering","5 Best Roof Repair Services Singapore [2026] | Luminous Engineering","true","Discover the 5 best roof repair services in Singapore. Prevent leaks and protect your property with reliable contractors.","Discover the 5 best roof repair services in Singapore. Prevent leaks and protect your property with reliable contractors.","true","https://luminousengineering.com.sg/blog/best-roof-repair-services-singapore","https://luminousengineering.com.sg/blog/best-roof-repair-services-singapore","false","follow, index, max-snippet:-1, max-video-preview:-1, max-image-preview:large","index, follow, max-snippet:-1, max-video-preview:-1, max-image-preview:large","1","1","BlogPosting | ImageObject | Organization","0","7","0","4","1","1","true","2005","2005","0","0","0"
"/blog/best-rooftop-waterproofing-services-singapore","200","200","true","5 Best Rooftop Waterproofing Services Singapore [2026] | Luminous Engineering","5 Best Rooftop Waterproofing Services Singapore [2026] | Luminous Engineering","true","Waterproofing your rooftop is crucial. Find the top 5 rooftop waterproofing services in Singapore to keep your property leak-free.","Waterproofing your rooftop is crucial. Find the top 5 rooftop waterproofing services in Singapore to keep your property leak-free.","true","https://luminousengineering.com.sg/blog/best-rooftop-waterproofing-services-singapore","https://luminousengineering.com.sg/blog/best-rooftop-waterproofing-services-singapore","false","follow, index, max-snippet:-1, max-video-preview:-1, max-image-preview:large","index, follow, max-snippet:-1, max-video-preview:-1, max-image-preview:large","1","1","BlogPosting | ImageObject | Organization","0","7","0","4","1","1","true","1990","1990","0","0","0"
"/blog/best-swimming-pool-contractor-singapore","200","200","true","10 Best Swimming Pool Contractor Singapore [2026] | Luminous Engineering","10 Best Swimming Pool Contractor Singapore [2026] | Luminous Engineering","true","Discover the 10 best swimming pool contractors in Singapore for 2026. Compare services, pricing, and expertise to find the right pool builder for your project.","Discover the 10 best swimming pool contractors in Singapore for 2026. Compare services, pricing, and expertise to find the right pool builder for your project.","true","https://luminousengineering.com.sg/blog/best-swimming-pool-contractor-singapore","https://luminousengineering.com.sg/blog/best-swimming-pool-contractor-singapore","false","follow, index, max-snippet:-1, max-video-preview:-1, max-image-preview:large","index, follow, max-snippet:-1, max-video-preview:-1, max-image-preview:large","1","1","BlogPosting | ImageObject | Organization | WebPage","0","7","0","4","1","1","true","4205","4205","0","0","0"
"/blog/best-waterproofing-contractors-singapore","200","200","true","10 Best Waterproofing Contractors Singapore [2026] | Luminous Engineering","10 Best Waterproofing Contractors Singapore [2026] | Luminous Engineering","true","Find the 10 best waterproofing contractors in Singapore for 2026. Expert reviews of top companies for roof, bathroom, balcony, and basement waterproofing.","Find the 10 best waterproofing contractors in Singapore for 2026. Expert reviews of top companies for roof, bathroom, balcony, and basement waterproofing.","true","https://luminousengineering.com.sg/blog/best-waterproofing-contractors-singapore","https://luminousengineering.com.sg/blog/best-waterproofing-contractors-singapore","false","follow, index, max-snippet:-1, max-video-preview:-1, max-image-preview:large","index, follow, max-snippet:-1, max-video-preview:-1, max-image-preview:large","1","1","BlogPosting | ImageObject | Organization","0","7","0","4","1","1","true","4369","4369","0","0","0"
"/blog/best-window-repair-handyman-singapore","200","200","true","5 Best Window Repair Handyman Singapore [2026] | Luminous Engineering","5 Best Window Repair Handyman Singapore [2026] | Luminous Engineering","true","Get fast and reliable window repair from the 5 best handyman services in Singapore. We cover fixes for hinges, locks, glasses, and frames.","Get fast and reliable window repair from the 5 best handyman services in Singapore. We cover fixes for hinges, locks, glasses, and frames.","true","https://luminousengineering.com.sg/blog/best-window-repair-handyman-singapore","https://luminousengineering.com.sg/blog/best-window-repair-handyman-singapore","false","follow, index, max-snippet:-1, max-video-preview:-1, max-image-preview:large","index, follow, max-snippet:-1, max-video-preview:-1, max-image-preview:large","1","1","BlogPosting | ImageObject | Organization","0","7","0","4","1","1","true","1997","1997","0","0","0"
"/blog/electrician-price-list-singapore-2026","200","200","true","Electrician Price List Singapore [2026] | Luminous Engineering","Electrician Price List Singapore [2026] | Luminous Engineering","true","Your ceiling fan is making that clicking sound again. Or half your kitchen sockets just died. Or you've been staring at your DB box wondering if it's finally…","Your ceiling fan is making that clicking sound again. Or half your kitchen sockets just died. Or you've been staring at your DB box wondering if it's finally…","true","https://luminousengineering.com.sg/blog/electrician-price-list-singapore-2026","https://luminousengineering.com.sg/blog/electrician-price-list-singapore-2026","false","follow, index, max-snippet:-1, max-video-preview:-1, max-image-preview:large","index, follow, max-snippet:-1, max-video-preview:-1, max-image-preview:large","1","1","BlogPosting | ImageObject | Organization","0","7","0","4","1","1","true","3080","3080","0","0","0"
"/blog/how-to-install-water-features","200","200","true","How to Install Water Features – Step-by-Step Guide | Luminous Engineering","How to Install Water Features – Step-by-Step Guide | Luminous Engineering","true","Complete step-by-step guide on how to install water features professionally. From fountains to waterfalls, learn the expert installation process.","Complete step-by-step guide on how to install water features professionally. From fountains to waterfalls, learn the expert installation process.","true","https://luminousengineering.com.sg/blog/how-to-install-water-features","https://luminousengineering.com.sg/blog/how-to-install-water-features","false","follow, index, max-snippet:-1, max-video-preview:-1, max-image-preview:large","index, follow, max-snippet:-1, max-video-preview:-1, max-image-preview:large","0","1","","0","7","0","4","1","1","true","2695","2695","0","0","0"
"/blog/install-power-socket-singapore-price-2026","200","200","true","Install Power Socket Singapore Price [2026] | Luminous Engineering","Install Power Socket Singapore Price [2026] | Luminous Engineering","true","Running out of power points is one of the most common complaints in Singapore homes — especially older HDB flats built before everyone owned five charging…","Running out of power points is one of the most common complaints in Singapore homes — especially older HDB flats built before everyone owned five charging…","true","https://luminousengineering.com.sg/blog/install-power-socket-singapore-price-2026","https://luminousengineering.com.sg/blog/install-power-socket-singapore-price-2026","false","follow, index, max-snippet:-1, max-video-preview:-1, max-image-preview:large","index, follow, max-snippet:-1, max-video-preview:-1, max-image-preview:large","1","1","BlogPosting | ImageObject | Organization","0","7","0","4","1","1","true","2711","2711","0","0","0"
"/blog/jacuzzi-installation-cost","200","200","true","Jacuzzi Installation Cost – Fast & Reliable Service | Luminous Engineering","Jacuzzi Installation Cost – Fast & Reliable Service | Luminous Engineering","true","Get clear information about Jacuzzi installation cost in Singapore. Luminous Engineering provides transparent pricing and professional hot tub installation services.","Get clear information about Jacuzzi installation cost in Singapore. Luminous Engineering provides transparent pricing and professional hot tub installation services.","true","https://luminousengineering.com.sg/blog/jacuzzi-installation-cost","https://luminousengineering.com.sg/blog/jacuzzi-installation-cost","false","follow, index, max-snippet:-1, max-video-preview:-1, max-image-preview:large","index, follow, max-snippet:-1, max-video-preview:-1, max-image-preview:large","0","1","","0","7","0","4","1","1","true","2591","2591","0","0","0"
"/blog/jacuzzi-installation-near-me","200","200","true","Jacuzzi Installation Near Me – Fast Hot Tub Setup | Luminous Engineering","Jacuzzi Installation Near Me – Fast Hot Tub Setup | Luminous Engineering","true","Looking for reliable Jacuzzi installation near me in Singapore? Luminous Engineering provides fast, safe, and professional Jacuzzi and hot tub installation services.","Looking for reliable Jacuzzi installation near me in Singapore? Luminous Engineering provides fast, safe, and professional Jacuzzi and hot tub installation services.","true","https://luminousengineering.com.sg/blog/jacuzzi-installation-near-me","https://luminousengineering.com.sg/blog/jacuzzi-installation-near-me","false","follow, index, max-snippet:-1, max-video-preview:-1, max-image-preview:large","index, follow, max-snippet:-1, max-video-preview:-1, max-image-preview:large","0","1","","0","7","0","4","1","1","true","2613","2613","0","0","0"
"/blog/light-installation-singapore-price-2026","200","200","true","Light Installation cost in Singapore | Luminous Engineering","Light Installation cost in Singapore | Luminous Engineering","true","New lights can completely change how a room feels — but before you buy that pendant lamp or chandelier, you probably want to know one thing: how much will it…","New lights can completely change how a room feels — but before you buy that pendant lamp or chandelier, you probably want to know one thing: how much will it…","true","https://luminousengineering.com.sg/blog/light-installation-singapore-price-2026","https://luminousengineering.com.sg/blog/light-installation-singapore-price-2026","false","follow, index, max-snippet:-1, max-video-preview:-1, max-image-preview:large","index, follow, max-snippet:-1, max-video-preview:-1, max-image-preview:large","1","1","BlogPosting | ImageObject | Organization","0","7","0","4","1","1","true","2764","2764","0","0","0"
"/blog/painting-service-singapore-price-list-2026","200","200","true","Painting Service Singapore PRICE LIST [2026] | Luminous Engineering","Painting Service Singapore PRICE LIST [2026] | Luminous Engineering","true","You've probably already gotten a few quotes, and they don't match. One painter says $600 for your whole flat. Another says $1,400 for the same job. Neither…","You've probably already gotten a few quotes, and they don't match. One painter says $600 for your whole flat. Another says $1,400 for the same job. Neither…","true","https://luminousengineering.com.sg/blog/painting-service-singapore-price-list-2026","https://luminousengineering.com.sg/blog/painting-service-singapore-price-list-2026","false","follow, index, max-snippet:-1, max-video-preview:-1, max-image-preview:large","index, follow, max-snippet:-1, max-video-preview:-1, max-image-preview:large","1","1","BlogPosting | ImageObject | Organization","0","7","0","4","1","1","true","2986","2986","0","0","0"
"/blog/pool-equipment-installation","200","200","true","Pool Equipment Installation – Heaters, Lights & More | Luminous Engineering","Pool Equipment Installation – Heaters, Lights & More | Luminous Engineering","true","Professional pool equipment installation in Singapore. Heaters, lighting, pumps, filters, and automation systems for residential and commercial pools.","Professional pool equipment installation in Singapore. Heaters, lighting, pumps, filters, and automation systems for residential and commercial pools.","true","https://luminousengineering.com.sg/blog/pool-equipment-installation","https://luminousengineering.com.sg/blog/pool-equipment-installation","false","follow, index, max-snippet:-1, max-video-preview:-1, max-image-preview:large","index, follow, max-snippet:-1, max-video-preview:-1, max-image-preview:large","0","1","","0","7","0","4","1","1","true","2928","2928","0","0","0"
"/blog/pool-equipment-repair","200","200","true","Pool Equipment Repair Near Me – Fast Pump & Filter Fix | Luminous Engineering","Pool Equipment Repair Near Me – Fast Pump & Filter Fix | Luminous Engineering","true","Looking for pool equipment repair near me in Singapore? Fast, professional pump and filter repair services. Same-day diagnosis and reliable fixes.","Looking for pool equipment repair near me in Singapore? Fast, professional pump and filter repair services. Same-day diagnosis and reliable fixes.","true","https://luminousengineering.com.sg/blog/pool-equipment-repair","https://luminousengineering.com.sg/blog/pool-equipment-repair","false","follow, index, max-snippet:-1, max-video-preview:-1, max-image-preview:large","index, follow, max-snippet:-1, max-video-preview:-1, max-image-preview:large","0","1","","0","7","0","4","1","1","true","2770","2770","0","0","0"
"/blog/pool-heater-repair-cost","200","200","true","Pool Heater Repair Cost – Same-Day Professional Service | Luminous Engineering","Pool Heater Repair Cost – Same-Day Professional Service | Luminous Engineering","true","Pool heater repair cost in Singapore. Same-day professional service for gas, electric, and heat pump heaters. Fast diagnosis and reliable fixes.","Pool heater repair cost in Singapore. Same-day professional service for gas, electric, and heat pump heaters. Fast diagnosis and reliable fixes.","true","https://luminousengineering.com.sg/blog/pool-heater-repair-cost","https://luminousengineering.com.sg/blog/pool-heater-repair-cost","false","follow, index, max-snippet:-1, max-video-preview:-1, max-image-preview:large","index, follow, max-snippet:-1, max-video-preview:-1, max-image-preview:large","0","1","","0","7","0","4","1","1","true","2668","2668","0","0","0"
"/blog/pool-maintenance-birch-road","200","200","true","Pool Maintenance Birch Road, Singapore | Luminous Engineering","Pool Maintenance Birch Road, Singapore | Luminous Engineering","true","Trusted pool maintenance on Birch Road Singapore. Complete cleaning, water chemistry, pump and filter servicing, and equipment inspection. Call +65 8183 6772.","Trusted pool maintenance on Birch Road Singapore. Complete cleaning, water chemistry, pump and filter servicing, and equipment inspection. Call +65 8183 6772.","true","https://luminousengineering.com.sg/blog/pool-maintenance-birch-road","https://luminousengineering.com.sg/blog/pool-maintenance-birch-road","false","follow, index, max-snippet:-1, max-video-preview:-1, max-image-preview:large","index, follow, max-snippet:-1, max-video-preview:-1, max-image-preview:large","1","1","BlogPosting | ImageObject | Organization","0","7","0","4","1","1","true","2808","2808","0","0","0"
"/blog/pool-maintenance-cost-singapore-2026","200","200","true","Pool Maintenance Cost Singapore [2026] | Luminous Engineering","Pool Maintenance Cost Singapore [2026] | Luminous Engineering","true","If you own a pool in Singapore, you already know the weather here doesn't play nice. Rain, heat, and humidity team up to turn a clean pool into a green,…","If you own a pool in Singapore, you already know the weather here doesn't play nice. Rain, heat, and humidity team up to turn a clean pool into a green,…","true","https://luminousengineering.com.sg/blog/pool-maintenance-cost-singapore-2026","https://luminousengineering.com.sg/blog/pool-maintenance-cost-singapore-2026","false","follow, index, max-snippet:-1, max-video-preview:-1, max-image-preview:large","index, follow, max-snippet:-1, max-video-preview:-1, max-image-preview:large","1","1","BlogPosting | ImageObject | Organization","0","7","0","4","1","1","true","2791","2791","0","0","0"
"/blog/pool-maintenance-kerbau-road","200","200","true","Pool Maintenance Kerbau Road, Singapore | Luminous Engineering","Pool Maintenance Kerbau Road, Singapore | Luminous Engineering","true","Reliable pool maintenance on Kerbau Road Singapore. Expert cleaning, water testing, chemical balancing, pump servicing, and equipment checks. Call +65 8183 6772.","Reliable pool maintenance on Kerbau Road Singapore. Expert cleaning, water testing, chemical balancing, pump servicing, and equipment checks. Call +65 8183 6772.","true","https://luminousengineering.com.sg/blog/pool-maintenance-kerbau-road","https://luminousengineering.com.sg/blog/pool-maintenance-kerbau-road","false","follow, index, max-snippet:-1, max-video-preview:-1, max-image-preview:large","index, follow, max-snippet:-1, max-video-preview:-1, max-image-preview:large","1","1","BlogPosting | ImageObject | Organization","0","7","0","4","1","1","true","2799","2799","0","0","0"
"/blog/pool-maintenance-kinta-road","200","200","true","Pool Maintenance Kinta Road, Singapore | Luminous Engineering","Pool Maintenance Kinta Road, Singapore | Luminous Engineering","true","Professional pool maintenance on Kinta Road Singapore. Regular cleaning, water testing, chemical balancing, pump servicing, and full equipment inspection. Call +65 8183 6772.","Professional pool maintenance on Kinta Road Singapore. Regular cleaning, water testing, chemical balancing, pump servicing, and full equipment inspection. Call +65 8183 6772.","true","https://luminousengineering.com.sg/blog/pool-maintenance-kinta-road","https://luminousengineering.com.sg/blog/pool-maintenance-kinta-road","false","follow, index, max-snippet:-1, max-video-preview:-1, max-image-preview:large","index, follow, max-snippet:-1, max-video-preview:-1, max-image-preview:large","1","1","BlogPosting | ImageObject | Organization","0","7","0","4","1","1","true","2678","2678","0","0","0"
"/blog/pool-maintenance-race-course-road","200","200","true","Pool Maintenance Race Course Road, Singapore | Luminous Engineering","Pool Maintenance Race Course Road, Singapore | Luminous Engineering","true","Expert pool maintenance on Race Course Road Singapore. Routine cleaning, water testing, chemical balancing, pump and filter servicing. Call +65 8183 6772.","Expert pool maintenance on Race Course Road Singapore. Routine cleaning, water testing, chemical balancing, pump and filter servicing. Call +65 8183 6772.","true","https://luminousengineering.com.sg/blog/pool-maintenance-race-course-road","https://luminousengineering.com.sg/blog/pool-maintenance-race-course-road","false","follow, index, max-snippet:-1, max-video-preview:-1, max-image-preview:large","index, follow, max-snippet:-1, max-video-preview:-1, max-image-preview:large","1","1","BlogPosting | ImageObject | Organization","0","7","0","4","1","1","true","2798","2798","0","0","0"
"/blog/pool-maintenance-serangoon-road","200","200","true","Pool Maintenance Serangoon Road, Singapore | Luminous Engineering","Pool Maintenance Serangoon Road, Singapore | Luminous Engineering","true","Professional pool maintenance services on Serangoon Road Singapore. Regular cleaning, chemical balancing, pump servicing, and equipment checks. Call +65 8183 6772.","Professional pool maintenance services on Serangoon Road Singapore. Regular cleaning, chemical balancing, pump servicing, and equipment checks. Call +65 8183 6772.","true","https://luminousengineering.com.sg/blog/pool-maintenance-serangoon-road","https://luminousengineering.com.sg/blog/pool-maintenance-serangoon-road","false","follow, index, max-snippet:-1, max-video-preview:-1, max-image-preview:large","index, follow, max-snippet:-1, max-video-preview:-1, max-image-preview:large","1","1","BlogPosting | ImageObject | Organization","0","7","0","4","1","1","true","2650","2650","0","0","0"
"/blog/pool-pump-repair-cost","200","200","true","Pool Pump Repair Cost – Fast Fix & Replacement | Luminous Engineering","Pool Pump Repair Cost – Fast Fix & Replacement | Luminous Engineering","true","Professional pool pump repair services in Singapore. Fast diagnosis, repair, and replacement at competitive prices. Same-day service available.","Professional pool pump repair services in Singapore. Fast diagnosis, repair, and replacement at competitive prices. Same-day service available.","true","https://luminousengineering.com.sg/blog/pool-pump-repair-cost","https://luminousengineering.com.sg/blog/pool-pump-repair-cost","false","follow, index, max-snippet:-1, max-video-preview:-1, max-image-preview:large","index, follow, max-snippet:-1, max-video-preview:-1, max-image-preview:large","0","1","","0","7","0","4","1","1","true","2856","2856","0","0","0"
"/blog/power-trip-repair-cost-singapore-2026","200","200","true","Power Trip Repair Cost Singapore [2026] | Luminous Engineering","Power Trip Repair Cost Singapore [2026] | Luminous Engineering","true","Your circuit breaker trips, the whole flat goes dark, and you're standing in front of your distribution board wondering whether to reset it or call someone.…","Your circuit breaker trips, the whole flat goes dark, and you're standing in front of your distribution board wondering whether to reset it or call someone.…","true","https://luminousengineering.com.sg/blog/power-trip-repair-cost-singapore-2026","https://luminousengineering.com.sg/blog/power-trip-repair-cost-singapore-2026","false","follow, index, max-snippet:-1, max-video-preview:-1, max-image-preview:large","index, follow, max-snippet:-1, max-video-preview:-1, max-image-preview:large","1","1","BlogPosting | ImageObject | Organization","0","7","0","4","1","1","true","2805","2805","0","0","0"
"/blog/swimming-pool-construction-cost-2026","200","200","true","Swimming Pool Construction Cost 2026 – Complete Guide | Luminous Engineering","Swimming Pool Construction Cost 2026 – Complete Guide | Luminous Engineering","true","Complete guide to swimming pool construction costs in Singapore for 2026. Pricing for residential and commercial pools, including excavation, tiling, plumbing, and equipment.","Complete guide to swimming pool construction costs in Singapore for 2026. Pricing for residential and commercial pools, including excavation, tiling, plumbing, and equipment.","true","https://luminousengineering.com.sg/blog/swimming-pool-construction-cost-2026","https://luminousengineering.com.sg/blog/swimming-pool-construction-cost-2026","false","follow, index, max-snippet:-1, max-video-preview:-1, max-image-preview:large","index, follow, max-snippet:-1, max-video-preview:-1, max-image-preview:large","0","1","","0","7","0","4","1","1","true","2809","2809","0","0","0"
"/blog/swimming-pool-repair-birch-road","200","200","true","Swimming Pool Repair Birch Road, Singapore – Quick Fix | Luminous Engineering","Swimming Pool Repair Birch Road, Singapore – Quick Fix | Luminous Engineering","true","Quick and dependable pool repair on Birch Road Singapore. Leak detection, pump repair, filtration, tile repair and structural fixes. Call +65 8183 6772.","Quick and dependable pool repair on Birch Road Singapore. Leak detection, pump repair, filtration, tile repair and structural fixes. Call +65 8183 6772.","true","https://luminousengineering.com.sg/blog/swimming-pool-repair-birch-road","https://luminousengineering.com.sg/blog/swimming-pool-repair-birch-road","false","follow, index, max-snippet:-1, max-video-preview:-1, max-image-preview:large","index, follow, max-snippet:-1, max-video-preview:-1, max-image-preview:large","1","1","BlogPosting | ImageObject | Organization","0","7","0","4","1","1","true","2942","2942","0","0","0"
"/blog/swimming-pool-repair-kerbau-road","200","200","true","Swimming Pool Repair Kerbau Road, Singapore – Quick Fix | Luminous Engineering","Swimming Pool Repair Kerbau Road, Singapore – Quick Fix | Luminous Engineering","true","Fast and reliable swimming pool repair on Kerbau Road Singapore. Expert leak detection, pump repair, tile repair and water balancing. Call +65 8183 6772.","Fast and reliable swimming pool repair on Kerbau Road Singapore. Expert leak detection, pump repair, tile repair and water balancing. Call +65 8183 6772.","true","https://luminousengineering.com.sg/blog/swimming-pool-repair-kerbau-road","https://luminousengineering.com.sg/blog/swimming-pool-repair-kerbau-road","false","follow, index, max-snippet:-1, max-video-preview:-1, max-image-preview:large","index, follow, max-snippet:-1, max-video-preview:-1, max-image-preview:large","1","1","BlogPosting | ImageObject | Organization","0","7","0","4","1","1","true","3017","3017","0","0","0"
"/blog/swimming-pool-repair-kinta-road","200","200","true","Swimming Pool Repair Kinta Road, Singapore – Quick Fix | Luminous Engineering","Swimming Pool Repair Kinta Road, Singapore – Quick Fix | Luminous Engineering","true","Expert swimming pool repair in Kinta Road Singapore. Leak detection, pump repair, tile repair, structural fixes and water balancing. Call +65 8183 6772.","Expert swimming pool repair in Kinta Road Singapore. Leak detection, pump repair, tile repair, structural fixes and water balancing. Call +65 8183 6772.","true","https://luminousengineering.com.sg/blog/swimming-pool-repair-kinta-road","https://luminousengineering.com.sg/blog/swimming-pool-repair-kinta-road","false","follow, index, max-snippet:-1, max-video-preview:-1, max-image-preview:large","index, follow, max-snippet:-1, max-video-preview:-1, max-image-preview:large","1","1","BlogPosting | ImageObject | Organization","0","7","0","4","1","1","true","3190","3190","0","0","0"
"/blog/swimming-pool-repair-race-course-road","200","200","true","Swimming Pool Repair Race Course Road, Singapore – Quick Fix | Luminous Engineering","Swimming Pool Repair Race Course Road, Singapore – Quick Fix | Luminous Engineering","true","Professional swimming pool repair on Race Course Road Singapore. Fast leak detection, pump repair, tile repair, structural fixes. Call +65 8183 6772.","Professional swimming pool repair on Race Course Road Singapore. Fast leak detection, pump repair, tile repair, structural fixes. Call +65 8183 6772.","true","https://luminousengineering.com.sg/blog/swimming-pool-repair-race-course-road","https://luminousengineering.com.sg/blog/swimming-pool-repair-race-course-road","false","follow, index, max-snippet:-1, max-video-preview:-1, max-image-preview:large","index, follow, max-snippet:-1, max-video-preview:-1, max-image-preview:large","1","1","BlogPosting | ImageObject | Organization","0","7","0","4","1","1","true","3091","3091","0","0","0"
"/blog/swimming-pool-repair-serangoon-road","200","200","true","Swimming Pool Repair Serangoon Road, Singapore – Quick Fix | Luminous Engineering","Swimming Pool Repair Serangoon Road, Singapore – Quick Fix | Luminous Engineering","true","Professional swimming pool repair on Serangoon Road Singapore. Fast leak detection, pump repair, tile repair and more. Call +65 8183 6772 for quick fix service.","Professional swimming pool repair on Serangoon Road Singapore. Fast leak detection, pump repair, tile repair and more. Call +65 8183 6772 for quick fix service.","true","https://luminousengineering.com.sg/blog/swimming-pool-repair-serangoon-road","https://luminousengineering.com.sg/blog/swimming-pool-repair-serangoon-road","false","follow, index, max-snippet:-1, max-video-preview:-1, max-image-preview:large","index, follow, max-snippet:-1, max-video-preview:-1, max-image-preview:large","1","1","BlogPosting | ImageObject | Organization","0","7","0","4","1","1","true","2965","2965","0","0","0"
"/contact","200","200","true","Luminous Engineering PTE Ltd. – Get a Free Quote Today","Luminous Engineering PTE Ltd. – Get a Free Quote Today","true","Luminous Engineering – expert home renovations, pool construction & handyman services. Request a free quote today!","Luminous Engineering – expert home renovations, pool construction & handyman services. Request a free quote today!","true","https://luminousengineering.com.sg/contact","https://luminousengineering.com.sg/contact","false","","index, follow, max-snippet:-1, max-video-preview:-1, max-image-preview:large","0","1","","0","7","0","4","1","1","true","2636","2636","0","0","0"
"/locations/ang-mo-kio","200","200","true","Luminous Engineering Services in Ang Mo Kio, Singapore | Renovation, Electrical, Plumbing & More","Luminous Engineering Services in Ang Mo Kio, Singapore | Renovation, Electrical, Plumbing & More","true","Browse every Luminous Engineering service available in Ang Mo Kio, Singapore, including renovation, painting, electrical, waterproofing, flooring, plumbing, pool and handyman support.","Browse every Luminous Engineering service available in Ang Mo Kio, Singapore, including renovation, painting, electrical, waterproofing, flooring, plumbing, pool and handyman support.","true","https://luminousengineering.com.sg/locations/ang-mo-kio","https://luminousengineering.com.sg/locations/ang-mo-kio","false","follow, index, max-snippet:-1, max-video-preview:-1, max-image-preview:large","index, follow, max-snippet:-1, max-video-preview:-1, max-image-preview:large","1","1","BreadcrumbList | City | ListItem | Organization | PostalAddress | Service","0","7","0","4","1","1","true","3140","3140","0","0","0"
"/locations/bedok","200","200","true","Luminous Engineering Services in Bedok, Singapore | Renovation, Electrical, Plumbing & More","Luminous Engineering Services in Bedok, Singapore | Renovation, Electrical, Plumbing & More","true","Browse every Luminous Engineering service available in Bedok, Singapore, including renovation, painting, electrical, waterproofing, flooring, plumbing, pool and handyman support.","Browse every Luminous Engineering service available in Bedok, Singapore, including renovation, painting, electrical, waterproofing, flooring, plumbing, pool and handyman support.","true","https://luminousengineering.com.sg/locations/bedok","https://luminousengineering.com.sg/locations/bedok","false","follow, index, max-snippet:-1, max-video-preview:-1, max-image-preview:large","index, follow, max-snippet:-1, max-video-preview:-1, max-image-preview:large","1","1","BreadcrumbList | City | ListItem | Organization | PostalAddress | Service","0","7","0","4","1","1","true","3062","3062","0","0","0"
"/locations/bishan","200","200","true","Luminous Engineering Services in Bishan, Singapore | Renovation, Electrical, Plumbing & More","Luminous Engineering Services in Bishan, Singapore | Renovation, Electrical, Plumbing & More","true","Browse every Luminous Engineering service available in Bishan, Singapore, including renovation, painting, electrical, waterproofing, flooring, plumbing, pool and handyman support.","Browse every Luminous Engineering service available in Bishan, Singapore, including renovation, painting, electrical, waterproofing, flooring, plumbing, pool and handyman support.","true","https://luminousengineering.com.sg/locations/bishan","https://luminousengineering.com.sg/locations/bishan","false","follow, index, max-snippet:-1, max-video-preview:-1, max-image-preview:large","index, follow, max-snippet:-1, max-video-preview:-1, max-image-preview:large","1","1","BreadcrumbList | City | ListItem | Organization | PostalAddress | Service","0","7","0","4","1","1","true","3062","3062","0","0","0"
"/locations/bukit-batok","200","200","true","Luminous Engineering Services in Bukit Batok, Singapore | Renovation, Electrical, Plumbing & More","Luminous Engineering Services in Bukit Batok, Singapore | Renovation, Electrical, Plumbing & More","true","Browse every Luminous Engineering service available in Bukit Batok, Singapore, including renovation, painting, electrical, waterproofing, flooring, plumbing, pool and handyman support.","Browse every Luminous Engineering service available in Bukit Batok, Singapore, including renovation, painting, electrical, waterproofing, flooring, plumbing, pool and handyman support.","true","https://luminousengineering.com.sg/locations/bukit-batok","https://luminousengineering.com.sg/locations/bukit-batok","false","follow, index, max-snippet:-1, max-video-preview:-1, max-image-preview:large","index, follow, max-snippet:-1, max-video-preview:-1, max-image-preview:large","1","1","BreadcrumbList | City | ListItem | Organization | PostalAddress | Service","0","7","0","4","1","1","true","3101","3101","0","0","0"
"/locations/bukit-merah","200","200","true","Luminous Engineering Services in Bukit Merah, Singapore | Renovation, Electrical, Plumbing & More","Luminous Engineering Services in Bukit Merah, Singapore | Renovation, Electrical, Plumbing & More","true","Browse every Luminous Engineering service available in Bukit Merah, Singapore, including renovation, painting, electrical, waterproofing, flooring, plumbing, pool and handyman support.","Browse every Luminous Engineering service available in Bukit Merah, Singapore, including renovation, painting, electrical, waterproofing, flooring, plumbing, pool and handyman support.","true","https://luminousengineering.com.sg/locations/bukit-merah","https://luminousengineering.com.sg/locations/bukit-merah","false","follow, index, max-snippet:-1, max-video-preview:-1, max-image-preview:large","index, follow, max-snippet:-1, max-video-preview:-1, max-image-preview:large","1","1","BreadcrumbList | City | ListItem | Organization | PostalAddress | Service","0","7","0","4","1","1","true","3101","3101","0","0","0"
"/locations/bukit-timah","200","200","true","Luminous Engineering Services in Bukit Timah, Singapore | Renovation, Electrical, Plumbing & More","Luminous Engineering Services in Bukit Timah, Singapore | Renovation, Electrical, Plumbing & More","true","Browse every Luminous Engineering service available in Bukit Timah, Singapore, including renovation, painting, electrical, waterproofing, flooring, plumbing, pool and handyman support.","Browse every Luminous Engineering service available in Bukit Timah, Singapore, including renovation, painting, electrical, waterproofing, flooring, plumbing, pool and handyman support.","true","https://luminousengineering.com.sg/locations/bukit-timah","https://luminousengineering.com.sg/locations/bukit-timah","false","follow, index, max-snippet:-1, max-video-preview:-1, max-image-preview:large","index, follow, max-snippet:-1, max-video-preview:-1, max-image-preview:large","1","1","BreadcrumbList | City | ListItem | Organization | PostalAddress | Service","0","7","0","4","1","1","true","3101","3101","0","0","0"
"/locations/cbd","200","200","true","Luminous Engineering Services in Singapore CBD | Renovation, Electrical, Plumbing & More","Luminous Engineering Services in Singapore CBD | Renovation, Electrical, Plumbing & More","true","Browse every Luminous Engineering service available in Singapore CBD, including renovation, painting, electrical, waterproofing, flooring, plumbing, pool and handyman support.","Browse every Luminous Engineering service available in Singapore CBD, including renovation, painting, electrical, waterproofing, flooring, plumbing, pool and handyman support.","true","https://luminousengineering.com.sg/locations/cbd","https://luminousengineering.com.sg/locations/cbd","false","follow, index, max-snippet:-1, max-video-preview:-1, max-image-preview:large","index, follow, max-snippet:-1, max-video-preview:-1, max-image-preview:large","1","1","BreadcrumbList | City | ListItem | Organization | PostalAddress | Service","0","7","0","4","1","1","true","3062","3062","0","0","0"
"/locations/clementi","200","200","true","Luminous Engineering Services in Clementi, Singapore | Renovation, Electrical, Plumbing & More","Luminous Engineering Services in Clementi, Singapore | Renovation, Electrical, Plumbing & More","true","Browse every Luminous Engineering service available in Clementi, Singapore, including renovation, painting, electrical, waterproofing, flooring, plumbing, pool and handyman support.","Browse every Luminous Engineering service available in Clementi, Singapore, including renovation, painting, electrical, waterproofing, flooring, plumbing, pool and handyman support.","true","https://luminousengineering.com.sg/locations/clementi","https://luminousengineering.com.sg/locations/clementi","false","follow, index, max-snippet:-1, max-video-preview:-1, max-image-preview:large","index, follow, max-snippet:-1, max-video-preview:-1, max-image-preview:large","1","1","BreadcrumbList | City | ListItem | Organization | PostalAddress | Service","0","7","0","4","1","1","true","3062","3062","0","0","0"
"/locations/geylang","200","200","true","Luminous Engineering Services in Geylang, Singapore | Renovation, Electrical, Plumbing & More","Luminous Engineering Services in Geylang, Singapore | Renovation, Electrical, Plumbing & More","true","Browse every Luminous Engineering service available in Geylang, Singapore, including renovation, painting, electrical, waterproofing, flooring, plumbing, pool and handyman support.","Browse every Luminous Engineering service available in Geylang, Singapore, including renovation, painting, electrical, waterproofing, flooring, plumbing, pool and handyman support.","true","https://luminousengineering.com.sg/locations/geylang","https://luminousengineering.com.sg/locations/geylang","false","follow, index, max-snippet:-1, max-video-preview:-1, max-image-preview:large","index, follow, max-snippet:-1, max-video-preview:-1, max-image-preview:large","1","1","BreadcrumbList | City | ListItem | Organization | PostalAddress | Service","0","7","0","4","1","1","true","3062","3062","0","0","0"
"/locations/hougang","200","200","true","Luminous Engineering Services in Hougang, Singapore | Renovation, Electrical, Plumbing & More","Luminous Engineering Services in Hougang, Singapore | Renovation, Electrical, Plumbing & More","true","Browse every Luminous Engineering service available in Hougang, Singapore, including renovation, painting, electrical, waterproofing, flooring, plumbing, pool and handyman support.","Browse every Luminous Engineering service available in Hougang, Singapore, including renovation, painting, electrical, waterproofing, flooring, plumbing, pool and handyman support.","true","https://luminousengineering.com.sg/locations/hougang","https://luminousengineering.com.sg/locations/hougang","false","follow, index, max-snippet:-1, max-video-preview:-1, max-image-preview:large","index, follow, max-snippet:-1, max-video-preview:-1, max-image-preview:large","1","1","BreadcrumbList | City | ListItem | Organization | PostalAddress | Service","0","7","0","4","1","1","true","3062","3062","0","0","0"
"/locations/jurong-east","200","200","true","Luminous Engineering Services in Jurong East, Singapore | Renovation, Electrical, Plumbing & More","Luminous Engineering Services in Jurong East, Singapore | Renovation, Electrical, Plumbing & More","true","Browse every Luminous Engineering service available in Jurong East, Singapore, including renovation, painting, electrical, waterproofing, flooring, plumbing, pool and handyman support.","Browse every Luminous Engineering service available in Jurong East, Singapore, including renovation, painting, electrical, waterproofing, flooring, plumbing, pool and handyman support.","true","https://luminousengineering.com.sg/locations/jurong-east","https://luminousengineering.com.sg/locations/jurong-east","false","follow, index, max-snippet:-1, max-video-preview:-1, max-image-preview:large","index, follow, max-snippet:-1, max-video-preview:-1, max-image-preview:large","1","1","BreadcrumbList | City | ListItem | Organization | PostalAddress | Service","0","7","0","4","1","1","true","3101","3101","0","0","0"
"/locations/jurong-west","200","200","true","Luminous Engineering Services in Jurong West, Singapore | Renovation, Electrical, Plumbing & More","Luminous Engineering Services in Jurong West, Singapore | Renovation, Electrical, Plumbing & More","true","Browse every Luminous Engineering service available in Jurong West, Singapore, including renovation, painting, electrical, waterproofing, flooring, plumbing, pool and handyman support.","Browse every Luminous Engineering service available in Jurong West, Singapore, including renovation, painting, electrical, waterproofing, flooring, plumbing, pool and handyman support.","true","https://luminousengineering.com.sg/locations/jurong-west","https://luminousengineering.com.sg/locations/jurong-west","false","follow, index, max-snippet:-1, max-video-preview:-1, max-image-preview:large","index, follow, max-snippet:-1, max-video-preview:-1, max-image-preview:large","1","1","BreadcrumbList | City | ListItem | Organization | PostalAddress | Service","0","7","0","4","1","1","true","3101","3101","0","0","0"
"/locations/kallang","200","200","true","Luminous Engineering Services in Kallang, Singapore | Renovation, Electrical, Plumbing & More","Luminous Engineering Services in Kallang, Singapore | Renovation, Electrical, Plumbing & More","true","Browse every Luminous Engineering service available in Kallang, Singapore, including renovation, painting, electrical, waterproofing, flooring, plumbing, pool and handyman support.","Browse every Luminous Engineering service available in Kallang, Singapore, including renovation, painting, electrical, waterproofing, flooring, plumbing, pool and handyman support.","true","https://luminousengineering.com.sg/locations/kallang","https://luminousengineering.com.sg/locations/kallang","false","follow, index, max-snippet:-1, max-video-preview:-1, max-image-preview:large","index, follow, max-snippet:-1, max-video-preview:-1, max-image-preview:large","1","1","BreadcrumbList | City | ListItem | Organization | PostalAddress | Service","0","7","0","4","1","1","true","3062","3062","0","0","0"
"/locations/marine-parade","200","200","true","Luminous Engineering Services in Marine Parade, Singapore | Renovation, Electrical, Plumbing & More","Luminous Engineering Services in Marine Parade, Singapore | Renovation, Electrical, Plumbing & More","true","Browse every Luminous Engineering service available in Marine Parade, Singapore, including renovation, painting, electrical, waterproofing, flooring, plumbing, pool and handyman support.","Browse every Luminous Engineering service available in Marine Parade, Singapore, including renovation, painting, electrical, waterproofing, flooring, plumbing, pool and handyman support.","true","https://luminousengineering.com.sg/locations/marine-parade","https://luminousengineering.com.sg/locations/marine-parade","false","follow, index, max-snippet:-1, max-video-preview:-1, max-image-preview:large","index, follow, max-snippet:-1, max-video-preview:-1, max-image-preview:large","1","1","BreadcrumbList | City | ListItem | Organization | PostalAddress | Service","0","7","0","4","1","1","true","3101","3101","0","0","0"
"/locations/novena","200","200","true","Luminous Engineering Services in Novena, Singapore | Renovation, Electrical, Plumbing & More","Luminous Engineering Services in Novena, Singapore | Renovation, Electrical, Plumbing & More","true","Browse every Luminous Engineering service available in Novena, Singapore, including renovation, painting, electrical, waterproofing, flooring, plumbing, pool and handyman support.","Browse every Luminous Engineering service available in Novena, Singapore, including renovation, painting, electrical, waterproofing, flooring, plumbing, pool and handyman support.","true","https://luminousengineering.com.sg/locations/novena","https://luminousengineering.com.sg/locations/novena","false","follow, index, max-snippet:-1, max-video-preview:-1, max-image-preview:large","index, follow, max-snippet:-1, max-video-preview:-1, max-image-preview:large","1","1","BreadcrumbList | City | ListItem | Organization | PostalAddress | Service","0","7","0","4","1","1","true","3062","3062","0","0","0"
"/locations/orchard","200","200","true","Luminous Engineering Services in Orchard, Singapore | Renovation, Electrical, Plumbing & More","Luminous Engineering Services in Orchard, Singapore | Renovation, Electrical, Plumbing & More","true","Browse every Luminous Engineering service available in Orchard, Singapore, including renovation, painting, electrical, waterproofing, flooring, plumbing, pool and handyman support.","Browse every Luminous Engineering service available in Orchard, Singapore, including renovation, painting, electrical, waterproofing, flooring, plumbing, pool and handyman support.","true","https://luminousengineering.com.sg/locations/orchard","https://luminousengineering.com.sg/locations/orchard","false","follow, index, max-snippet:-1, max-video-preview:-1, max-image-preview:large","index, follow, max-snippet:-1, max-video-preview:-1, max-image-preview:large","1","1","BreadcrumbList | City | ListItem | Organization | PostalAddress | Service","0","7","0","4","1","1","true","3062","3062","0","0","0"
"/locations/pasir-ris","200","200","true","Luminous Engineering Services in Pasir Ris, Singapore | Renovation, Electrical, Plumbing & More","Luminous Engineering Services in Pasir Ris, Singapore | Renovation, Electrical, Plumbing & More","true","Browse every Luminous Engineering service available in Pasir Ris, Singapore, including renovation, painting, electrical, waterproofing, flooring, plumbing, pool and handyman support.","Browse every Luminous Engineering service available in Pasir Ris, Singapore, including renovation, painting, electrical, waterproofing, flooring, plumbing, pool and handyman support.","true","https://luminousengineering.com.sg/locations/pasir-ris","https://luminousengineering.com.sg/locations/pasir-ris","false","follow, index, max-snippet:-1, max-video-preview:-1, max-image-preview:large","index, follow, max-snippet:-1, max-video-preview:-1, max-image-preview:large","1","1","BreadcrumbList | City | ListItem | Organization | PostalAddress | Service","0","7","0","4","1","1","true","3101","3101","0","0","0"
"/locations/punggol","200","200","true","Luminous Engineering Services in Punggol, Singapore | Renovation, Electrical, Plumbing & More","Luminous Engineering Services in Punggol, Singapore | Renovation, Electrical, Plumbing & More","true","Browse every Luminous Engineering service available in Punggol, Singapore, including renovation, painting, electrical, waterproofing, flooring, plumbing, pool and handyman support.","Browse every Luminous Engineering service available in Punggol, Singapore, including renovation, painting, electrical, waterproofing, flooring, plumbing, pool and handyman support.","true","https://luminousengineering.com.sg/locations/punggol","https://luminousengineering.com.sg/locations/punggol","false","follow, index, max-snippet:-1, max-video-preview:-1, max-image-preview:large","index, follow, max-snippet:-1, max-video-preview:-1, max-image-preview:large","1","1","BreadcrumbList | City | ListItem | Organization | PostalAddress | Service","0","7","0","4","1","1","true","3062","3062","0","0","0"
"/locations/queenstown","200","200","true","Luminous Engineering Services in Queenstown, Singapore | Renovation, Electrical, Plumbing & More","Luminous Engineering Services in Queenstown, Singapore | Renovation, Electrical, Plumbing & More","true","Browse every Luminous Engineering service available in Queenstown, Singapore, including renovation, painting, electrical, waterproofing, flooring, plumbing, pool and handyman support.","Browse every Luminous Engineering service available in Queenstown, Singapore, including renovation, painting, electrical, waterproofing, flooring, plumbing, pool and handyman support.","true","https://luminousengineering.com.sg/locations/queenstown","https://luminousengineering.com.sg/locations/queenstown","false","follow, index, max-snippet:-1, max-video-preview:-1, max-image-preview:large","index, follow, max-snippet:-1, max-video-preview:-1, max-image-preview:large","1","1","BreadcrumbList | City | ListItem | Organization | PostalAddress | Service","0","7","0","4","1","1","true","3062","3062","0","0","0"
"/locations/sengkang","200","200","true","Luminous Engineering Services in Sengkang, Singapore | Renovation, Electrical, Plumbing & More","Luminous Engineering Services in Sengkang, Singapore | Renovation, Electrical, Plumbing & More","true","Browse every Luminous Engineering service available in Sengkang, Singapore, including renovation, painting, electrical, waterproofing, flooring, plumbing, pool and handyman support.","Browse every Luminous Engineering service available in Sengkang, Singapore, including renovation, painting, electrical, waterproofing, flooring, plumbing, pool and handyman support.","true","https://luminousengineering.com.sg/locations/sengkang","https://luminousengineering.com.sg/locations/sengkang","false","follow, index, max-snippet:-1, max-video-preview:-1, max-image-preview:large","index, follow, max-snippet:-1, max-video-preview:-1, max-image-preview:large","1","1","BreadcrumbList | City | ListItem | Organization | PostalAddress | Service","0","7","0","4","1","1","true","3062","3062","0","0","0"
"/locations/serangoon","200","200","true","Luminous Engineering Services in Serangoon, Singapore | Renovation, Electrical, Plumbing & More","Luminous Engineering Services in Serangoon, Singapore | Renovation, Electrical, Plumbing & More","true","Browse every Luminous Engineering service available in Serangoon, Singapore, including renovation, painting, electrical, waterproofing, flooring, plumbing, pool and handyman support.","Browse every Luminous Engineering service available in Serangoon, Singapore, including renovation, painting, electrical, waterproofing, flooring, plumbing, pool and handyman support.","true","https://luminousengineering.com.sg/locations/serangoon","https://luminousengineering.com.sg/locations/serangoon","false","follow, index, max-snippet:-1, max-video-preview:-1, max-image-preview:large","index, follow, max-snippet:-1, max-video-preview:-1, max-image-preview:large","1","1","BreadcrumbList | City | ListItem | Organization | PostalAddress | Service","0","7","0","4","1","1","true","3062","3062","0","0","0"
"/locations/tampines","200","200","true","Luminous Engineering Services in Tampines, Singapore | Renovation, Electrical, Plumbing & More","Luminous Engineering Services in Tampines, Singapore | Renovation, Electrical, Plumbing & More","true","Browse every Luminous Engineering service available in Tampines, Singapore, including renovation, painting, electrical, waterproofing, flooring, plumbing, pool and handyman support.","Browse every Luminous Engineering service available in Tampines, Singapore, including renovation, painting, electrical, waterproofing, flooring, plumbing, pool and handyman support.","true","https://luminousengineering.com.sg/locations/tampines","https://luminousengineering.com.sg/locations/tampines","false","follow, index, max-snippet:-1, max-video-preview:-1, max-image-preview:large","index, follow, max-snippet:-1, max-video-preview:-1, max-image-preview:large","1","1","BreadcrumbList | City | ListItem | Organization | PostalAddress | Service","0","7","0","4","1","1","true","3062","3062","0","0","0"
"/locations/toa-payoh","200","200","true","Luminous Engineering Services in Toa Payoh, Singapore | Renovation, Electrical, Plumbing & More","Luminous Engineering Services in Toa Payoh, Singapore | Renovation, Electrical, Plumbing & More","true","Browse every Luminous Engineering service available in Toa Payoh, Singapore, including renovation, painting, electrical, waterproofing, flooring, plumbing, pool and handyman support.","Browse every Luminous Engineering service available in Toa Payoh, Singapore, including renovation, painting, electrical, waterproofing, flooring, plumbing, pool and handyman support.","true","https://luminousengineering.com.sg/locations/toa-payoh","https://luminousengineering.com.sg/locations/toa-payoh","false","follow, index, max-snippet:-1, max-video-preview:-1, max-image-preview:large","index, follow, max-snippet:-1, max-video-preview:-1, max-image-preview:large","1","1","BreadcrumbList | City | ListItem | Organization | PostalAddress | Service","0","7","0","4","1","1","true","3101","3101","0","0","0"
"/locations/woodlands","200","200","true","Luminous Engineering Services in Woodlands, Singapore | Renovation, Electrical, Plumbing & More","Luminous Engineering Services in Woodlands, Singapore | Renovation, Electrical, Plumbing & More","true","Browse every Luminous Engineering service available in Woodlands, Singapore, including renovation, painting, electrical, waterproofing, flooring, plumbing, pool and handyman support.","Browse every Luminous Engineering service available in Woodlands, Singapore, including renovation, painting, electrical, waterproofing, flooring, plumbing, pool and handyman support.","true","https://luminousengineering.com.sg/locations/woodlands","https://luminousengineering.com.sg/locations/woodlands","false","follow, index, max-snippet:-1, max-video-preview:-1, max-image-preview:large","index, follow, max-snippet:-1, max-video-preview:-1, max-image-preview:large","1","1","BreadcrumbList | City | ListItem | Organization | PostalAddress | Service","0","7","0","4","1","1","true","3062","3062","0","0","0"
"/locations/yishun","200","200","true","Luminous Engineering Services in Yishun, Singapore | Renovation, Electrical, Plumbing & More","Luminous Engineering Services in Yishun, Singapore | Renovation, Electrical, Plumbing & More","true","Browse every Luminous Engineering service available in Yishun, Singapore, including renovation, painting, electrical, waterproofing, flooring, plumbing, pool and handyman support.","Browse every Luminous Engineering service available in Yishun, Singapore, including renovation, painting, electrical, waterproofing, flooring, plumbing, pool and handyman support.","true","https://luminousengineering.com.sg/locations/yishun","https://luminousengineering.com.sg/locations/yishun","false","follow, index, max-snippet:-1, max-video-preview:-1, max-image-preview:large","index, follow, max-snippet:-1, max-video-preview:-1, max-image-preview:large","1","1","BreadcrumbList | City | ListItem | Organization | PostalAddress | Service","0","7","0","4","1","1","true","3062","3062","0","0","0"
"/services","200","200","true","Our Services – Complete Renovation, Pool, Painting & More | Luminous Engineering","Our Services – Complete Renovation, Pool, Painting & More | Luminous Engineering","true","Explore all services by Luminous Engineering – renovation, swimming pool, painting, waterproofing, electrical, epoxy flooring, tile installation, plumbing & handyman services in Singapore.","Explore all services by Luminous Engineering – renovation, swimming pool, painting, waterproofing, electrical, epoxy flooring, tile installation, plumbing & handyman services in Singapore.","true","https://luminousengineering.com.sg/services/","https://luminousengineering.com.sg/services","false","index, follow","index, follow, max-snippet:-1, max-video-preview:-1, max-image-preview:large","1","1","BreadcrumbList | CollectionPage | ListItem","5","7","4","4","1","1","true","2024","2024","0","0","0"
"/services.html","200","200","false","Our Services - Luminous Engineering Singapore","Our Services – Complete Renovation, Pool, Painting & More | Luminous Engineering","false","Comprehensive home renovation and maintenance services in Singapore. From painting to electrical work, plumbing to complete renovations - we do it all.","Explore all services by Luminous Engineering – renovation, swimming pool, painting, waterproofing, electrical, epoxy flooring, tile installation, plumbing & handyman services in Singapore.","false","","https://luminousengineering.com.sg/services","false","","index, follow, max-snippet:-1, max-video-preview:-1, max-image-preview:large","0","1","","0","7","0","4","1","1","false","2023","2024","1","0","0"
"/services/aircon-installation-service","200","200","true","Aircon Installation Service Singapore | Luminous Engineering","Aircon Installation Service Singapore | Luminous Engineering","true","Aircon installation, replacement, servicing, electrical fault diagnosis, gas checks and maintenance support for residential and commercial spaces. Contact Luminous Engineering for Aircon Installation Service Singapore.","Aircon installation, replacement, servicing, electrical fault diagnosis, gas checks and maintenance support for residential and commercial spaces. Contact Luminous Engineering for Aircon Installation Service Singapore.","true","https://luminousengineering.com.sg/services/aircon-installation-service","https://luminousengineering.com.sg/services/aircon-installation-service","false","follow, index, max-snippet:-1, max-video-preview:-1, max-image-preview:large","index, follow, max-snippet:-1, max-video-preview:-1, max-image-preview:large","1","1","Answer | BreadcrumbList | Country | FAQPage | ListItem | Organization | PostalAddress | Question | Service","0","7","0","4","1","1","true","2413","2413","0","0","0"
"/services/best-house-painting-services","200","200","true","Best House Painting Services Singapore | Luminous Engineering","Best House Painting Services Singapore | Luminous Engineering","true","Complete house painting for HDB flats, condos and private homes, including interior walls, ceilings, feature walls, exterior touch-ups and repainting packages. Contact Luminous Engineering for Best House Painting Services Singapore.","Complete house painting for HDB flats, condos and private homes, including interior walls, ceilings, feature walls, exterior touch-ups and repainting packages. Contact Luminous Engineering for Best House Painting Services Singapore.","true","https://luminousengineering.com.sg/services/best-house-painting-services","https://luminousengineering.com.sg/services/best-house-painting-services","false","follow, index, max-snippet:-1, max-video-preview:-1, max-image-preview:large","index, follow, max-snippet:-1, max-video-preview:-1, max-image-preview:large","1","1","Answer | BreadcrumbList | Country | FAQPage | ListItem | Organization | PostalAddress | Question | Service","0","7","0","4","1","1","true","2463","2463","0","0","0"
"/services/cctv-installation-service","200","200","true","CCTV Installation Service Singapore | Luminous Engineering","CCTV Installation Service Singapore | Luminous Engineering","true","CCTV camera installation, NVR/DVR setup, IP camera cabling, remote viewing, upgrades and security system troubleshooting. Contact Luminous Engineering for CCTV Installation Service Singapore.","CCTV camera installation, NVR/DVR setup, IP camera cabling, remote viewing, upgrades and security system troubleshooting. Contact Luminous Engineering for CCTV Installation Service Singapore.","true","https://luminousengineering.com.sg/services/cctv-installation-service","https://luminousengineering.com.sg/services/cctv-installation-service","false","follow, index, max-snippet:-1, max-video-preview:-1, max-image-preview:large","index, follow, max-snippet:-1, max-video-preview:-1, max-image-preview:large","1","1","Answer | BreadcrumbList | Country | FAQPage | ListItem | Organization | PostalAddress | Question | Service","0","7","0","4","1","1","true","2418","2418","0","0","0"
"/services/ceiling-fan-repair-service","200","200","true","Ceiling Fan Repair Service Singapore | Luminous Engineering","Ceiling Fan Repair Service Singapore | Luminous Engineering","true","Ceiling fan installation, repair and servicing for wobbling, noise, slow speed, remote control faults, light faults and replacement work. Contact Luminous Engineering for Ceiling Fan Repair Service Singapore.","Ceiling fan installation, repair and servicing for wobbling, noise, slow speed, remote control faults, light faults and replacement work. Contact Luminous Engineering for Ceiling Fan Repair Service Singapore.","true","https://luminousengineering.com.sg/services/ceiling-fan-repair-service","https://luminousengineering.com.sg/services/ceiling-fan-repair-service","false","follow, index, max-snippet:-1, max-video-preview:-1, max-image-preview:large","index, follow, max-snippet:-1, max-video-preview:-1, max-image-preview:large","1","1","Answer | BreadcrumbList | Country | FAQPage | ListItem | Organization | PostalAddress | Question | Service","0","7","0","4","1","1","true","2450","2450","0","0","0"
"/services/commercial-electrician-singapore","200","200","true","Commercial Electrician Singapore | Luminous Engineering","Commercial Electrician Singapore | Luminous Engineering","true","Commercial electrical services for offices, shops, restaurants, clinics, warehouses and small facilities in Singapore, from repairs to planned upgrades. Contact Luminous Engineering for Commercial Electrician Singapore.","Commercial electrical services for offices, shops, restaurants, clinics, warehouses and small facilities in Singapore, from repairs to planned upgrades. Contact Luminous Engineering for Commercial Electrician Singapore.","true","https://luminousengineering.com.sg/services/commercial-electrician-singapore","https://luminousengineering.com.sg/services/commercial-electrician-singapore","false","follow, index, max-snippet:-1, max-video-preview:-1, max-image-preview:large","index, follow, max-snippet:-1, max-video-preview:-1, max-image-preview:large","1","1","Answer | BreadcrumbList | Country | FAQPage | ListItem | Organization | PostalAddress | Question | Service","0","7","0","4","1","1","true","2478","2478","0","0","0"
"/services/commercial-painting-service","200","200","true","Commercial Painting Singapore | Luminous Engineering","Commercial Painting Singapore | Luminous Engineering","true","Commercial painting for offices, retail shops, restaurants, clinics, common areas and small facilities, with durable finishes and practical scheduling. Contact Luminous Engineering for Commercial Painting Singapore.","Commercial painting for offices, retail shops, restaurants, clinics, common areas and small facilities, with durable finishes and practical scheduling. Contact Luminous Engineering for Commercial Painting Singapore.","true","https://luminousengineering.com.sg/services/commercial-painting-service","https://luminousengineering.com.sg/services/commercial-painting-service","false","follow, index, max-snippet:-1, max-video-preview:-1, max-image-preview:large","index, follow, max-snippet:-1, max-video-preview:-1, max-image-preview:large","1","1","Answer | BreadcrumbList | Country | FAQPage | ListItem | Organization | PostalAddress | Question | Service","0","7","0","4","1","1","true","2403","2403","0","0","0"
"/services/complete-renovation","200","200","true","Singapore’s BEST Home Renovation Service – Full-Service Experts","Singapore’s BEST Home Renovation Service – Full-Service Experts","true","Singapore's Best Home Renovation Service · Call Luminous Engineering's on +65 8183 6772 · Fully Insured Team · Consistent 5 STAR Google Rating.","Singapore's Best Home Renovation Service · Call Luminous Engineering's on +65 8183 6772 · Fully Insured Team · Consistent 5 STAR Google Rating.","true","https://luminousengineering.com.sg/services/complete-renovation/","https://luminousengineering.com.sg/services/complete-renovation","false","","index, follow, max-snippet:-1, max-video-preview:-1, max-image-preview:large","1","1","Answer | Article | FAQPage | Organization | Place | PostalAddress | Question | Service","0","7","0","4","1","1","true","3314","3314","0","3","0"
"/services/db-box-services","200","200","true","DB Box Services Singapore | Luminous Engineering","DB Box Services Singapore | Luminous Engineering","true","Distribution board installation, replacement, circuit breaker repair, RCCB upgrades and new circuit additions for safe power distribution. Contact Luminous Engineering for DB Box Services Singapore.","Distribution board installation, replacement, circuit breaker repair, RCCB upgrades and new circuit additions for safe power distribution. Contact Luminous Engineering for DB Box Services Singapore.","true","https://luminousengineering.com.sg/services/db-box-services","https://luminousengineering.com.sg/services/db-box-services","false","follow, index, max-snippet:-1, max-video-preview:-1, max-image-preview:large","index, follow, max-snippet:-1, max-video-preview:-1, max-image-preview:large","1","1","Answer | BreadcrumbList | Country | FAQPage | ListItem | Organization | PostalAddress | Question | Service","0","7","0","4","1","1","true","2471","2471","0","0","0"
"/services/earthing-grounding-services","200","200","true","Earthing Grounding Services Singapore | Luminous Engineering","Earthing Grounding Services Singapore | Luminous Engineering","true","Earth rod installation, earth resistance testing, bonding, grounding upgrades and earthing inspections for electrical safety. Contact Luminous Engineering for Earthing Grounding Services Singapore.","Earth rod installation, earth resistance testing, bonding, grounding upgrades and earthing inspections for electrical safety. Contact Luminous Engineering for Earthing Grounding Services Singapore.","true","https://luminousengineering.com.sg/services/earthing-grounding-services","https://luminousengineering.com.sg/services/earthing-grounding-services","false","follow, index, max-snippet:-1, max-video-preview:-1, max-image-preview:large","index, follow, max-snippet:-1, max-video-preview:-1, max-image-preview:large","1","1","Answer | BreadcrumbList | Country | FAQPage | ListItem | Organization | PostalAddress | Question | Service","0","7","0","4","1","1","true","2438","2438","0","0","0"
"/services/electric-gate-services","200","200","true","Electric Gate Services Singapore | Luminous Engineering","Electric Gate Services Singapore | Luminous Engineering","true","Auto gate power circuits, gate motor wiring, replacement, safety sensors, access control and electric gate fault diagnosis. Contact Luminous Engineering for Electric Gate Services Singapore.","Auto gate power circuits, gate motor wiring, replacement, safety sensors, access control and electric gate fault diagnosis. Contact Luminous Engineering for Electric Gate Services Singapore.","true","https://luminousengineering.com.sg/services/electric-gate-services","https://luminousengineering.com.sg/services/electric-gate-services","false","follow, index, max-snippet:-1, max-video-preview:-1, max-image-preview:large","index, follow, max-snippet:-1, max-video-preview:-1, max-image-preview:large","1","1","Answer | BreadcrumbList | Country | FAQPage | ListItem | Organization | PostalAddress | Question | Service","0","7","0","4","1","1","true","2420","2420","0","0","0"
"/services/electrical","200","200","true","Electrical Services Singapore | Licensed Electrician Pages","Electrical Services Singapore | Licensed Electrician Pages","true","Explore Luminous Engineering electrical services in Singapore, including HDB electrician, commercial electrician, wiring, DB box, power trip repair, lighting, EV charger, CCTV and emergency electrician pages.","Explore Luminous Engineering electrical services in Singapore, including HDB electrician, commercial electrician, wiring, DB box, power trip repair, lighting, EV charger, CCTV and emergency electrician pages.","true","https://luminousengineering.com.sg/services/electrical","https://luminousengineering.com.sg/services/electrical","false","follow, index, max-snippet:-1, max-video-preview:-1, max-image-preview:large","index, follow, max-snippet:-1, max-video-preview:-1, max-image-preview:large","1","1","Answer | BreadcrumbList | Country | FAQPage | ListItem | Organization | PostalAddress | Question | Service","0","7","0","4","1","1","true","3222","3222","0","0","0"
"/services/electrical-inspection-services","200","200","true","Electrical Inspection Services Singapore | Luminous Engineering","Electrical Inspection Services Singapore | Luminous Engineering","true","Electrical safety checks for HDB flats, condos, landed properties, commercial spaces, pre-purchase reviews and post-renovation handovers. Contact Luminous Engineering for Electrical Inspection Services Singapore.","Electrical safety checks for HDB flats, condos, landed properties, commercial spaces, pre-purchase reviews and post-renovation handovers. Contact Luminous Engineering for Electrical Inspection Services Singapore.","true","https://luminousengineering.com.sg/services/electrical-inspection-services","https://luminousengineering.com.sg/services/electrical-inspection-services","false","follow, index, max-snippet:-1, max-video-preview:-1, max-image-preview:large","index, follow, max-snippet:-1, max-video-preview:-1, max-image-preview:large","1","1","Answer | BreadcrumbList | Country | FAQPage | ListItem | Organization | PostalAddress | Question | Service","0","7","0","4","1","1","true","2434","2434","0","0","0"
"/services/electrical-troubleshooting-services","200","200","true","Electrical Troubleshooting Services Singapore | Luminous Engineering","Electrical Troubleshooting Services Singapore | Luminous Engineering","true","Root-cause diagnosis for tripping breakers, dead sockets, flickering lights, DB faults, wiring issues and appliance-related electrical problems. Contact Luminous Engineering for Electrical Troubleshooting Services Singapore.","Root-cause diagnosis for tripping breakers, dead sockets, flickering lights, DB faults, wiring issues and appliance-related electrical problems. Contact Luminous Engineering for Electrical Troubleshooting Services Singapore.","true","https://luminousengineering.com.sg/services/electrical-troubleshooting-services","https://luminousengineering.com.sg/services/electrical-troubleshooting-services","false","follow, index, max-snippet:-1, max-video-preview:-1, max-image-preview:large","index, follow, max-snippet:-1, max-video-preview:-1, max-image-preview:large","1","1","Answer | BreadcrumbList | Country | FAQPage | ListItem | Organization | PostalAddress | Question | Service","0","7","0","4","1","1","true","2409","2409","0","0","0"
"/services/electrical-wiring-services","200","200","true","Electrical Wiring Services Singapore | Luminous Engineering","Electrical Wiring Services Singapore | Luminous Engineering","true","Safe new wiring, additional circuits, light points, socket points and wiring upgrades for HDB flats, condos, landed homes, offices and commercial premises. Contact Luminous Engineering for Electrical Wiring Services Singapore.","Safe new wiring, additional circuits, light points, socket points and wiring upgrades for HDB flats, condos, landed homes, offices and commercial premises. Contact Luminous Engineering for Electrical Wiring Services Singapore.","true","https://luminousengineering.com.sg/services/electrical-wiring-services","https://luminousengineering.com.sg/services/electrical-wiring-services","false","follow, index, max-snippet:-1, max-video-preview:-1, max-image-preview:large","index, follow, max-snippet:-1, max-video-preview:-1, max-image-preview:large","1","1","Answer | BreadcrumbList | Country | FAQPage | ListItem | Organization | PostalAddress | Question | Service","0","7","0","4","1","1","true","2523","2523","0","0","0"
"/services/emergency-electrician-services","200","200","true","24/7 Emergency Electrician Services Singapore | Luminous Engineering","24/7 Emergency Electrician Services Singapore | Luminous Engineering","true","Urgent response for power failure, burning smells, sparking sockets, tripping breakers, water ingress and unsafe electrical faults. Contact Luminous Engineering for 24/7 Emergency Electrician Services Singapore.","Urgent response for power failure, burning smells, sparking sockets, tripping breakers, water ingress and unsafe electrical faults. Contact Luminous Engineering for 24/7 Emergency Electrician Services Singapore.","true","https://luminousengineering.com.sg/services/emergency-electrician-services","https://luminousengineering.com.sg/services/emergency-electrician-services","false","follow, index, max-snippet:-1, max-video-preview:-1, max-image-preview:large","index, follow, max-snippet:-1, max-video-preview:-1, max-image-preview:large","1","1","Answer | BreadcrumbList | Country | FAQPage | ListItem | Organization | PostalAddress | Question | Service","0","7","0","4","1","1","true","2466","2466","0","0","0"
"/services/emergency-electrician-singapore","200","200","true","Emergency Electrician Singapore | Luminous Engineering","Emergency Electrician Singapore | Luminous Engineering","true","A dedicated emergency landing page for urgent electrical faults in Singapore, including power failure, sparks, burning smells and unsafe tripping circuits. Contact Luminous Engineering for Emergency Electrician Singapore.","A dedicated emergency landing page for urgent electrical faults in Singapore, including power failure, sparks, burning smells and unsafe tripping circuits. Contact Luminous Engineering for Emergency Electrician Singapore.","true","https://luminousengineering.com.sg/services/emergency-electrician-singapore","https://luminousengineering.com.sg/services/emergency-electrician-singapore","false","follow, index, max-snippet:-1, max-video-preview:-1, max-image-preview:large","index, follow, max-snippet:-1, max-video-preview:-1, max-image-preview:large","1","1","Answer | BreadcrumbList | Country | FAQPage | ListItem | Organization | PostalAddress | Question | Service","0","7","0","4","1","1","true","2450","2450","0","0","0"
"/services/emergency-swimming-pool-services","200","200","true","Emergency Swimming Pool Services Singapore | 24/7 Pool Help","Emergency Swimming Pool Services Singapore | 24/7 Pool Help","true","Emergency swimming pool services in Singapore for pump failures, leaks, green water, filter issues, overflowing pools and urgent pool equipment problems.","Emergency swimming pool services in Singapore for pump failures, leaks, green water, filter issues, overflowing pools and urgent pool equipment problems.","true","https://luminousengineering.com.sg/services/emergency-swimming-pool-services","https://luminousengineering.com.sg/services/emergency-swimming-pool-services","false","follow, index, max-snippet:-1, max-video-preview:-1, max-image-preview:large","index, follow, max-snippet:-1, max-video-preview:-1, max-image-preview:large","1","1","Answer | BreadcrumbList | Country | FAQPage | ListItem | Organization | PostalAddress | Question | Service","0","7","0","4","1","1","true","2098","2098","0","0","0"
"/services/epoxy-floor","200","200","true","Epoxy Flooring Singapore – Expert Installation & Durable Finish","Epoxy Flooring Singapore – Expert Installation & Durable Finish","true","Singapore's Top-notch Epoxy flooring Service · Call Luminous Engineering's on +65 8183 6772 · Fully Insured Team · Consistent 5 STAR Google Rating.","Singapore's Top-notch Epoxy flooring Service · Call Luminous Engineering's on +65 8183 6772 · Fully Insured Team · Consistent 5 STAR Google Rating.","true","https://luminousengineering.com.sg/services/epoxy-floor","https://luminousengineering.com.sg/services/epoxy-floor","false","","index, follow, max-snippet:-1, max-video-preview:-1, max-image-preview:large","1","1","Answer | Article | FAQPage | Organization | Place | PostalAddress | Question | Service","0","7","0","4","1","1","true","2917","2917","0","3","0"
"/services/ev-charger-installation","200","200","true","EV Charger Installation Singapore | Luminous Engineering","EV Charger Installation Singapore | Luminous Engineering","true","Home and commercial EV charger installation, dedicated circuits, charger replacement and charging fault diagnosis for electric vehicles. Contact Luminous Engineering for EV Charger Installation Singapore.","Home and commercial EV charger installation, dedicated circuits, charger replacement and charging fault diagnosis for electric vehicles. Contact Luminous Engineering for EV Charger Installation Singapore.","true","https://luminousengineering.com.sg/services/ev-charger-installation","https://luminousengineering.com.sg/services/ev-charger-installation","false","follow, index, max-snippet:-1, max-video-preview:-1, max-image-preview:large","index, follow, max-snippet:-1, max-video-preview:-1, max-image-preview:large","1","1","Answer | BreadcrumbList | Country | FAQPage | ListItem | Organization | PostalAddress | Question | Service","0","7","0","4","1","1","true","2413","2413","0","0","0"
"/services/exhaust-fan-installation","200","200","true","Exhaust Fan Installation Singapore | Luminous Engineering","Exhaust Fan Installation Singapore | Luminous Engineering","true","Bathroom, kitchen, inline duct and commercial exhaust fan installation or replacement with safe wet-area wiring and ventilation planning. Contact Luminous Engineering for Exhaust Fan Installation Singapore.","Bathroom, kitchen, inline duct and commercial exhaust fan installation or replacement with safe wet-area wiring and ventilation planning. Contact Luminous Engineering for Exhaust Fan Installation Singapore.","true","https://luminousengineering.com.sg/services/exhaust-fan-installation","https://luminousengineering.com.sg/services/exhaust-fan-installation","false","follow, index, max-snippet:-1, max-video-preview:-1, max-image-preview:large","index, follow, max-snippet:-1, max-video-preview:-1, max-image-preview:large","1","1","Answer | BreadcrumbList | Country | FAQPage | ListItem | Organization | PostalAddress | Question | Service","0","7","0","4","1","1","true","2411","2411","0","0","0"
"/services/floor-polishing","200","200","true","Floor Polishing Services Singapore | Marble & Parquet Floor Polishing","Floor Polishing Services Singapore | Marble & Parquet Floor Polishing","true","Singapore's Top-notch Floor Polishing Services · Call Luminous Engineering's on +65 8183 6772 · Fully Insured Team · Consistent 5 STAR Google Rating.","Singapore's Top-notch Floor Polishing Services · Call Luminous Engineering's on +65 8183 6772 · Fully Insured Team · Consistent 5 STAR Google Rating.","true","https://luminousengineering.com.sg/services/floor-polishing","https://luminousengineering.com.sg/services/floor-polishing","false","","index, follow, max-snippet:-1, max-video-preview:-1, max-image-preview:large","1","1","Answer | Article | FAQPage | Organization | Place | PostalAddress | Question | Service","0","7","0","4","1","1","true","3013","3013","0","3","0"
"/services/hacking","200","200","true","Hacking & Demolition Services Singapore | Luminous Engineering","Hacking & Demolition Services Singapore | Luminous Engineering","true","Professional hacking and demolition services in Singapore. Safe, efficient, and HDB-approved hacking for kitchens, bathrooms, and full units.","Professional hacking and demolition services in Singapore. Safe, efficient, and HDB-approved hacking for kitchens, bathrooms, and full units.","true","https://luminousengineering.com.sg/services/hacking/","https://luminousengineering.com.sg/services/hacking","false","","index, follow, max-snippet:-1, max-video-preview:-1, max-image-preview:large","1","1","AdministrativeArea | Answer | Article | FAQPage | Offer | Organization | PostalAddress | Question | Service | WebPage","0","7","0","4","1","1","true","2328","2328","0","0","0"
"/services/handyman","200","200","true","#1 Handyman Services Singapore – Residential & Commercial","#1 Handyman Services Singapore – Residential & Commercial","true","Singapore's Top-notch Handyman Service · Call Luminous Engineering's on +65 8183 6772 · Fully Insured Team · Consistent 5 STAR Google Rating.","Singapore's Top-notch Handyman Service · Call Luminous Engineering's on +65 8183 6772 · Fully Insured Team · Consistent 5 STAR Google Rating.","true","https://luminousengineering.com.sg/services/handyman","https://luminousengineering.com.sg/services/handyman","false","","index, follow, max-snippet:-1, max-video-preview:-1, max-image-preview:large","1","1","Answer | Article | FAQPage | Organization | Place | PostalAddress | Question | Service","0","7","0","4","1","1","true","2994","2994","0","3","0"
"/services/hdb-electrician-singapore","200","200","true","HDB Electrician Singapore | Luminous Engineering","HDB Electrician Singapore | Luminous Engineering","true","Electrical repair, installation, inspection and upgrade support for HDB flats in Singapore, including sockets, lighting, DB boxes, rewiring and power trip faults. Contact Luminous Engineering for HDB Electrician Singapore.","Electrical repair, installation, inspection and upgrade support for HDB flats in Singapore, including sockets, lighting, DB boxes, rewiring and power trip faults. Contact Luminous Engineering for HDB Electrician Singapore.","true","https://luminousengineering.com.sg/services/hdb-electrician-singapore","https://luminousengineering.com.sg/services/hdb-electrician-singapore","false","follow, index, max-snippet:-1, max-video-preview:-1, max-image-preview:large","index, follow, max-snippet:-1, max-video-preview:-1, max-image-preview:large","1","1","Answer | BreadcrumbList | Country | FAQPage | ListItem | Organization | PostalAddress | Question | Service","0","7","0","4","1","1","true","2497","2497","0","0","0"
"/services/hdb-painting","200","200","true","HDB Painting Singapore | Luminous Engineering","HDB Painting Singapore | Luminous Engineering","true","HDB painting packages for 3-room, 4-room, 5-room and executive flats, including wall preparation, ceiling painting, colour refreshes and move-in repainting. Contact Luminous Engineering for HDB Painting Singapore.","HDB painting packages for 3-room, 4-room, 5-room and executive flats, including wall preparation, ceiling painting, colour refreshes and move-in repainting. Contact Luminous Engineering for HDB Painting Singapore.","true","https://luminousengineering.com.sg/services/hdb-painting","https://luminousengineering.com.sg/services/hdb-painting","false","follow, index, max-snippet:-1, max-video-preview:-1, max-image-preview:large","index, follow, max-snippet:-1, max-video-preview:-1, max-image-preview:large","1","1","Answer | BreadcrumbList | Country | FAQPage | ListItem | Organization | PostalAddress | Question | Service","0","7","0","4","1","1","true","2403","2403","0","0","0"
"/services/house-rewiring-services","200","200","true","House Rewiring Services Singapore | Luminous Engineering","House Rewiring Services Singapore | Luminous Engineering","true","Full and partial house rewiring for ageing HDB flats, condos, landed homes and commercial units that need safer wiring and modern circuit capacity. Contact Luminous Engineering for House Rewiring Services Singapore.","Full and partial house rewiring for ageing HDB flats, condos, landed homes and commercial units that need safer wiring and modern circuit capacity. Contact Luminous Engineering for House Rewiring Services Singapore.","true","https://luminousengineering.com.sg/services/house-rewiring-services","https://luminousengineering.com.sg/services/house-rewiring-services","false","follow, index, max-snippet:-1, max-video-preview:-1, max-image-preview:large","index, follow, max-snippet:-1, max-video-preview:-1, max-image-preview:large","1","1","Answer | BreadcrumbList | Country | FAQPage | ListItem | Organization | PostalAddress | Question | Service","0","7","0","4","1","1","true","2478","2478","0","0","0"
"/services/intercom-doorbell-installation","200","200","true","Intercom Doorbell Installation Singapore | Luminous Engineering","Intercom Doorbell Installation Singapore | Luminous Engineering","true","Smart video doorbell, wired intercom, building intercom, power supply, door release wiring and intercom fault repair. Contact Luminous Engineering for Intercom Doorbell Installation Singapore.","Smart video doorbell, wired intercom, building intercom, power supply, door release wiring and intercom fault repair. Contact Luminous Engineering for Intercom Doorbell Installation Singapore.","true","https://luminousengineering.com.sg/services/intercom-doorbell-installation","https://luminousengineering.com.sg/services/intercom-doorbell-installation","false","follow, index, max-snippet:-1, max-video-preview:-1, max-image-preview:large","index, follow, max-snippet:-1, max-video-preview:-1, max-image-preview:large","1","1","Answer | BreadcrumbList | Country | FAQPage | ListItem | Organization | PostalAddress | Question | Service","0","7","0","4","1","1","true","2454","2454","0","0","0"
"/services/jacuzzi-system-installation","200","200","true","Jacuzzi System Installation Singapore - Luminous Engineering","Jacuzzi System Installation Singapore - Luminous Engineering","true","Experience luxury and relaxation with our expert Jacuzzi system installations. Custom designs, quality components, and smart technology integration.","Experience luxury and relaxation with our expert Jacuzzi system installations. Custom designs, quality components, and smart technology integration.","false","https://luminousengineeringsg.com/services/jacuzzi-system-installation/","https://luminousengineering.com.sg/services/jacuzzi-system-installation","false","follow, index, max-snippet:-1, max-video-preview:-1, max-image-preview:large","index, follow, max-snippet:-1, max-video-preview:-1, max-image-preview:large","1","1","Answer | Article | FAQPage | Organization | Place | PostalAddress | Question | Service","0","7","0","4","1","1","true","2248","2248","0","3","0"
"/services/landed-property-painting","200","200","true","Landed Property Painting Singapore | Luminous Engineering","Landed Property Painting Singapore | Luminous Engineering","true","Interior and exterior landed property painting for terrace houses, semi-detached homes and bungalows, including wall preparation and weather-aware exterior finishes. Contact Luminous Engineering for Landed Property Painting Singapore.","Interior and exterior landed property painting for terrace houses, semi-detached homes and bungalows, including wall preparation and weather-aware exterior finishes. Contact Luminous Engineering for Landed Property Painting Singapore.","true","https://luminousengineering.com.sg/services/landed-property-painting","https://luminousengineering.com.sg/services/landed-property-painting","false","follow, index, max-snippet:-1, max-video-preview:-1, max-image-preview:large","index, follow, max-snippet:-1, max-video-preview:-1, max-image-preview:large","1","1","Answer | BreadcrumbList | Country | FAQPage | ListItem | Organization | PostalAddress | Question | Service","0","7","0","4","1","1","true","2443","2443","0","0","0"
"/services/licensed-electrician-singapore","200","200","true","Licensed Electrician Singapore | Luminous Engineering","Licensed Electrician Singapore | Luminous Engineering","true","A dedicated landing page for customers searching for a licensed electrician in Singapore for installation, repair, inspection and renovation electrical work. Contact Luminous Engineering for Licensed Electrician Singapore.","A dedicated landing page for customers searching for a licensed electrician in Singapore for installation, repair, inspection and renovation electrical work. Contact Luminous Engineering for Licensed Electrician Singapore.","true","https://luminousengineering.com.sg/services/licensed-electrician-singapore","https://luminousengineering.com.sg/services/licensed-electrician-singapore","false","follow, index, max-snippet:-1, max-video-preview:-1, max-image-preview:large","index, follow, max-snippet:-1, max-video-preview:-1, max-image-preview:large","1","1","Answer | BreadcrumbList | Country | FAQPage | ListItem | Organization | PostalAddress | Question | Service","0","7","0","4","1","1","true","2444","2444","0","0","0"
"/services/licensed-swimming-pool-contractor","200","200","true","Licensed Swimming Pool Contractor Singapore | Luminous Engineering","Licensed Swimming Pool Contractor Singapore | Luminous Engineering","true","Licensed swimming pool contractor support in Singapore for pool construction, renovation, repair, equipment upgrades and coordinated pool project delivery.","Licensed swimming pool contractor support in Singapore for pool construction, renovation, repair, equipment upgrades and coordinated pool project delivery.","true","https://luminousengineering.com.sg/services/licensed-swimming-pool-contractor","https://luminousengineering.com.sg/services/licensed-swimming-pool-contractor","false","follow, index, max-snippet:-1, max-video-preview:-1, max-image-preview:large","index, follow, max-snippet:-1, max-video-preview:-1, max-image-preview:large","1","1","Answer | BreadcrumbList | Country | FAQPage | ListItem | Organization | PostalAddress | Question | Service","0","7","0","4","1","1","true","2023","2023","0","0","0"
"/services/lighting-services","200","200","true","Lighting Services Singapore | Luminous Engineering","Lighting Services Singapore | Luminous Engineering","true","LED downlights, ceiling lights, chandeliers, pendant lights, outdoor lighting, task lighting and smart lighting installation. Contact Luminous Engineering for Lighting Services Singapore.","LED downlights, ceiling lights, chandeliers, pendant lights, outdoor lighting, task lighting and smart lighting installation. Contact Luminous Engineering for Lighting Services Singapore.","true","https://luminousengineering.com.sg/services/lighting-services","https://luminousengineering.com.sg/services/lighting-services","false","follow, index, max-snippet:-1, max-video-preview:-1, max-image-preview:large","index, follow, max-snippet:-1, max-video-preview:-1, max-image-preview:large","1","1","Answer | BreadcrumbList | Country | FAQPage | ListItem | Organization | PostalAddress | Question | Service","0","7","0","4","1","1","true","2360","2360","0","0","0"
"/services/lightning-protection-services","200","200","true","Lightning Protection Services Singapore | Luminous Engineering","Lightning Protection Services Singapore | Luminous Engineering","true","Lightning risk assessment, air termination, down conductors, earth electrodes, surge protection devices and inspection services. Contact Luminous Engineering for Lightning Protection Services Singapore.","Lightning risk assessment, air termination, down conductors, earth electrodes, surge protection devices and inspection services. Contact Luminous Engineering for Lightning Protection Services Singapore.","true","https://luminousengineering.com.sg/services/lightning-protection-services","https://luminousengineering.com.sg/services/lightning-protection-services","false","follow, index, max-snippet:-1, max-video-preview:-1, max-image-preview:large","index, follow, max-snippet:-1, max-video-preview:-1, max-image-preview:large","1","1","Answer | BreadcrumbList | Country | FAQPage | ListItem | Organization | PostalAddress | Question | Service","0","7","0","4","1","1","true","2396","2396","0","0","0"
"/services/network-cabling-services","200","200","true","Network Cabling Services Singapore | Luminous Engineering","Network Cabling Services Singapore | Luminous Engineering","true","Cat5e, Cat6, Cat6a, LAN points, structured cabling, patch panels and network cable troubleshooting for homes and offices. Contact Luminous Engineering for Network Cabling Services Singapore.","Cat5e, Cat6, Cat6a, LAN points, structured cabling, patch panels and network cable troubleshooting for homes and offices. Contact Luminous Engineering for Network Cabling Services Singapore.","true","https://luminousengineering.com.sg/services/network-cabling-services","https://luminousengineering.com.sg/services/network-cabling-services","false","follow, index, max-snippet:-1, max-video-preview:-1, max-image-preview:large","index, follow, max-snippet:-1, max-video-preview:-1, max-image-preview:large","1","1","Answer | BreadcrumbList | Country | FAQPage | ListItem | Organization | PostalAddress | Question | Service","0","7","0","4","1","1","true","2409","2409","0","0","0"
"/services/office-painting","200","200","true","Office Painting Singapore | Luminous Engineering","Office Painting Singapore | Luminous Engineering","true","Office repainting for workspaces, meeting rooms, reception areas, corridors and commercial interiors with scheduling that reduces business disruption. Contact Luminous Engineering for Office Painting Singapore.","Office repainting for workspaces, meeting rooms, reception areas, corridors and commercial interiors with scheduling that reduces business disruption. Contact Luminous Engineering for Office Painting Singapore.","true","https://luminousengineering.com.sg/services/office-painting","https://luminousengineering.com.sg/services/office-painting","false","follow, index, max-snippet:-1, max-video-preview:-1, max-image-preview:large","index, follow, max-snippet:-1, max-video-preview:-1, max-image-preview:large","1","1","Answer | BreadcrumbList | Country | FAQPage | ListItem | Organization | PostalAddress | Question | Service","0","7","0","4","1","1","true","2404","2404","0","0","0"
"/services/painting","200","200","true","Painting Services Singapore | House, HDB & Commercial Painting","Painting Services Singapore | House, HDB & Commercial Painting","true","Explore Luminous Engineering painting services in Singapore, including HDB painting, office painting, landed property painting, commercial painting and house painting pages.","Explore Luminous Engineering painting services in Singapore, including HDB painting, office painting, landed property painting, commercial painting and house painting pages.","true","https://luminousengineering.com.sg/services/painting","https://luminousengineering.com.sg/services/painting","false","follow, index, max-snippet:-1, max-video-preview:-1, max-image-preview:large","index, follow, max-snippet:-1, max-video-preview:-1, max-image-preview:large","1","1","Answer | BreadcrumbList | Country | FAQPage | ListItem | Organization | PostalAddress | Question | Service","0","7","0","4","1","1","true","3191","3191","0","0","0"
"/services/painting-contractor","200","200","true","Painting Contractor Singapore | Luminous Engineering","Painting Contractor Singapore | Luminous Engineering","true","Reliable painting contractor support for residential, commercial and renovation projects, with coordinated manpower, surface preparation and tidy project handover. Contact Luminous Engineering for Painting Contractor Singapore.","Reliable painting contractor support for residential, commercial and renovation projects, with coordinated manpower, surface preparation and tidy project handover. Contact Luminous Engineering for Painting Contractor Singapore.","true","https://luminousengineering.com.sg/services/painting-contractor","https://luminousengineering.com.sg/services/painting-contractor","false","follow, index, max-snippet:-1, max-video-preview:-1, max-image-preview:large","index, follow, max-snippet:-1, max-video-preview:-1, max-image-preview:large","1","1","Answer | BreadcrumbList | Country | FAQPage | ListItem | Organization | PostalAddress | Question | Service","0","7","0","4","1","1","true","2408","2408","0","0","0"
"/services/parquet-floor-repair","200","200","true","Parquet Floor Repair Singapore | Parquet Restoration & Refinishing","Parquet Floor Repair Singapore | Parquet Restoration & Refinishing","true","Singapore's Trusted Parquet Floor Repair Services · Call Luminous Engineering's on +65 8183 6772 · Fully Insured Team · Consistent 5 STAR Google Rating.","Singapore's Trusted Parquet Floor Repair Services · Call Luminous Engineering's on +65 8183 6772 · Fully Insured Team · Consistent 5 STAR Google Rating.","true","https://luminousengineering.com.sg/services/parquet-floor-repair","https://luminousengineering.com.sg/services/parquet-floor-repair","false","","index, follow, max-snippet:-1, max-video-preview:-1, max-image-preview:large","0","1","","0","7","0","4","1","1","true","3410","3410","0","3","0"
"/services/partition-ceiling","200","200","true","Partition & Ceiling Services Singapore | Luminous Engineering","Partition & Ceiling Services Singapore | Luminous Engineering","true","Professional partition and false ceiling services in Singapore. Expert installation of drywall partitions, L-box, and false ceilings for homes and offices.","Professional partition and false ceiling services in Singapore. Expert installation of drywall partitions, L-box, and false ceilings for homes and offices.","true","https://luminousengineering.com.sg/services/partition-ceiling/","https://luminousengineering.com.sg/services/partition-ceiling","false","","index, follow, max-snippet:-1, max-video-preview:-1, max-image-preview:large","1","1","AdministrativeArea | Answer | Article | FAQPage | Offer | Organization | PostalAddress | Question | Service | WebPage","0","7","0","4","1","1","true","2340","2340","0","3","0"
"/services/plastering","200","200","true","Professional Plastering Services Singapore | Luminous Engineering","Professional Plastering Services Singapore | Luminous Engineering","true","Expert wall and ceiling plastering services in Singapore. Smooth finishes, crack repairs, and complete skimming for HDB, Condo, and Landed properties.","Expert wall and ceiling plastering services in Singapore. Smooth finishes, crack repairs, and complete skimming for HDB, Condo, and Landed properties.","true","https://luminousengineering.com.sg/services/plastering/","https://luminousengineering.com.sg/services/plastering","false","","index, follow, max-snippet:-1, max-video-preview:-1, max-image-preview:large","1","1","AdministrativeArea | Answer | Article | FAQPage | Offer | Organization | PostalAddress | Question | Service | WebPage","0","7","0","4","1","1","true","2377","2377","0","3","0"
"/services/plumbing","200","200","true","Plumbing Services Singapore – Fast, Reliable & Trusted Team","Plumbing Services Singapore – Fast, Reliable & Trusted Team","true","Singapore's Top-notch Plumbing Service · Call Luminous Engineering's on +65 8183 6772 · Fully Insured Team · Consistent 5 STAR Google Rating.","Singapore's Top-notch Plumbing Service · Call Luminous Engineering's on +65 8183 6772 · Fully Insured Team · Consistent 5 STAR Google Rating.","true","https://luminousengineering.com.sg/services/plumbing","https://luminousengineering.com.sg/services/plumbing","false","follow, index, max-snippet:-1, max-video-preview:-1, max-image-preview:large","index, follow, max-snippet:-1, max-video-preview:-1, max-image-preview:large","1","1","Answer | Article | FAQPage | Organization | Place | PostalAddress | Question | Service","0","7","0","4","1","1","true","2745","2745","0","1","0"
"/services/pond-biological-filtration-system-installation","200","200","true","Pond Biological Filtration System Installation in Singapore - Luminous Engineering","Pond Biological Filtration System Installation in Singapore - Luminous Engineering","true","Transform your pond into a thriving ecosystem with our expert design and installation of biological filtration systems. Custom solutions for optimal water quality.","Transform your pond into a thriving ecosystem with our expert design and installation of biological filtration systems. Custom solutions for optimal water quality.","true","https://luminousengineering.com.sg/services/pond-biological-filtration-system-installation","https://luminousengineering.com.sg/services/pond-biological-filtration-system-installation","false","follow, index, max-snippet:-1, max-video-preview:-1, max-image-preview:large","index, follow, max-snippet:-1, max-video-preview:-1, max-image-preview:large","1","1","AdministrativeArea | Answer | Article | FAQPage | Offer | Organization | PostalAddress | Question | Service | WebPage","0","7","0","4","1","1","true","2419","2419","0","3","0"
"/services/power-socket-switch-services","200","200","true","Power Socket Switch Services Singapore | Luminous Engineering","Power Socket Switch Services Singapore | Luminous Engineering","true","Install, replace and repair power sockets, USB outlets, light switches, smart switches and dedicated appliance points. Contact Luminous Engineering for Power Socket Switch Services Singapore.","Install, replace and repair power sockets, USB outlets, light switches, smart switches and dedicated appliance points. Contact Luminous Engineering for Power Socket Switch Services Singapore.","true","https://luminousengineering.com.sg/services/power-socket-switch-services","https://luminousengineering.com.sg/services/power-socket-switch-services","false","follow, index, max-snippet:-1, max-video-preview:-1, max-image-preview:large","index, follow, max-snippet:-1, max-video-preview:-1, max-image-preview:large","1","1","Answer | BreadcrumbList | Country | FAQPage | ListItem | Organization | PostalAddress | Question | Service","0","7","0","4","1","1","true","2469","2469","0","0","0"
"/services/power-trip-services","200","200","true","Power Trip Repair Singapore | Luminous Engineering","Power Trip Repair Singapore | Luminous Engineering","true","Fast diagnosis and repair for recurring power trips, overloaded circuits, MCB/RCCB issues, earth leakage and appliance-triggered faults. Contact Luminous Engineering for Power Trip Repair Singapore.","Fast diagnosis and repair for recurring power trips, overloaded circuits, MCB/RCCB issues, earth leakage and appliance-triggered faults. Contact Luminous Engineering for Power Trip Repair Singapore.","true","https://luminousengineering.com.sg/services/power-trip-services","https://luminousengineering.com.sg/services/power-trip-services","false","follow, index, max-snippet:-1, max-video-preview:-1, max-image-preview:large","index, follow, max-snippet:-1, max-video-preview:-1, max-image-preview:large","1","1","Answer | BreadcrumbList | Country | FAQPage | ListItem | Organization | PostalAddress | Question | Service","0","7","0","4","1","1","true","2419","2419","0","0","0"
"/services/smart-home-electrical-services","200","200","true","Smart Home Electrical Services Singapore | Luminous Engineering","Smart Home Electrical Services Singapore | Luminous Engineering","true","Smart switch, smart socket, dimmer, lighting automation, hub wiring and renovation-ready smart home electrical planning. Contact Luminous Engineering for Smart Home Electrical Services Singapore.","Smart switch, smart socket, dimmer, lighting automation, hub wiring and renovation-ready smart home electrical planning. Contact Luminous Engineering for Smart Home Electrical Services Singapore.","true","https://luminousengineering.com.sg/services/smart-home-electrical-services","https://luminousengineering.com.sg/services/smart-home-electrical-services","false","follow, index, max-snippet:-1, max-video-preview:-1, max-image-preview:large","index, follow, max-snippet:-1, max-video-preview:-1, max-image-preview:large","1","1","Answer | BreadcrumbList | Country | FAQPage | ListItem | Organization | PostalAddress | Question | Service","0","7","0","4","1","1","true","2436","2436","0","0","0"
"/services/swimming-pool","200","200","true","Swimming Pool Contractor Singapore – #1 Rated & Expert","Swimming Pool Contractor Singapore – #1 Rated & Expert","true","Singapore’s top-rated swimming pool contractor · Fully insured team · Call +65 8183 6772 · Custom pools, maintenance & renovation · Consistent 5 STAR Google Rating.","Singapore’s top-rated swimming pool contractor · Fully insured team · Call +65 8183 6772 · Custom pools, maintenance & renovation · Consistent 5 STAR Google Rating.","true","https://luminousengineering.com.sg/services/swimming-pool","https://luminousengineering.com.sg/services/swimming-pool","false","follow, index, max-snippet:-1, max-video-preview:-1, max-image-preview:large","index, follow, max-snippet:-1, max-video-preview:-1, max-image-preview:large","1","1","Answer | Article | FAQPage | Organization | Place | PostalAddress | Question | Service","0","7","0","4","1","1","true","3732","3732","0","0","0"
"/services/swimming-pool-construction","200","200","true","Swimming Pool Renovation Singapore – Quality Guaranteed","Swimming Pool Renovation Singapore – Quality Guaranteed","true","Professional pool renovation in Singapore · Fully insured & certified · Call +65 8183 6772 · Resurfacing, equipment upgrades & custom designs · Consistent 5 STAR Google Rating.","Professional pool renovation in Singapore · Fully insured & certified · Call +65 8183 6772 · Resurfacing, equipment upgrades & custom designs · Consistent 5 STAR Google Rating.","true","https://luminousengineering.com.sg/services/swimming-pool-construction","https://luminousengineering.com.sg/services/swimming-pool-construction","false","follow, index, max-snippet:-1, max-video-preview:-1, max-image-preview:large","index, follow, max-snippet:-1, max-video-preview:-1, max-image-preview:large","1","1","Answer | Article | FAQPage | Organization | Place | PostalAddress | Question | Service","0","7","0","4","1","1","true","2963","2963","0","3","0"
"/services/swimming-pool-filter-repair","200","200","true","Swimming Pool Filter Repair, Replacement & Installation in Singapore - Luminous Engineering","Swimming Pool Filter Repair, Replacement & Installation in Singapore - Luminous Engineering","true","Professional Pool Filter Repair, Replacement & Installation Specialist in Singapore. Luminous Engineering offers reliable workmanship, honest advice, and tailored solutions.","Professional Pool Filter Repair, Replacement & Installation Specialist in Singapore. Luminous Engineering offers reliable workmanship, honest advice, and tailored solutions.","true","https://luminousengineering.com.sg/services/swimming-pool-filter-repair","https://luminousengineering.com.sg/services/swimming-pool-filter-repair","false","follow, index, max-snippet:-1, max-video-preview:-1, max-image-preview:large","index, follow, max-snippet:-1, max-video-preview:-1, max-image-preview:large","1","1","Answer | Article | FAQPage | Organization | Place | PostalAddress | Question | Service","0","7","0","4","1","1","true","2983","2983","0","3","0"
"/services/swimming-pool-maintenance","200","200","true","Pool Maintenance Singapore – #1 Trusted Service Team","Pool Maintenance Singapore – #1 Trusted Service Team","true","Singapore’s top-rated pool maintenance service · Fully insured professionals · Call +65 8183 6772 · Cleaning, chemical balancing & inspections · Consistent 5 STAR Google Rating.","Singapore’s top-rated pool maintenance service · Fully insured professionals · Call +65 8183 6772 · Cleaning, chemical balancing & inspections · Consistent 5 STAR Google Rating.","true","https://luminousengineering.com.sg/services/swimming-pool-maintenance","https://luminousengineering.com.sg/services/swimming-pool-maintenance","false","","index, follow, max-snippet:-1, max-video-preview:-1, max-image-preview:large","1","1","Answer | Article | FAQPage | Organization | Place | PostalAddress | Question | Service","0","7","0","4","2","1","false","3073","3073","0","3","0"
"/services/swimming-pool-pump-repair","200","200","true","Swimming Pool Pump Repair, Replacement & Installation in Singapore - Luminous Engineering","Swimming Pool Pump Repair, Replacement & Installation in Singapore - Luminous Engineering","true","Professional Pool Pump Repair, Replacement & Installation Specialist in Singapore. Luminous Engineering offers reliable workmanship, honest advice, and tailored solutions.","Professional Pool Pump Repair, Replacement & Installation Specialist in Singapore. Luminous Engineering offers reliable workmanship, honest advice, and tailored solutions.","false","https://poolexpertssg.com/pool-pump-repair-singapore/ ","https://luminousengineering.com.sg/services/swimming-pool-pump-repair","false","follow, index, max-snippet:-1, max-video-preview:-1, max-image-preview:large","index, follow, max-snippet:-1, max-video-preview:-1, max-image-preview:large","1","1","Answer | Article | FAQPage | Organization | Place | PostalAddress | Question | Service","0","7","0","4","1","1","true","2944","2944","0","3","0"
"/services/swimming-pool-repair","200","200","true","Swimming Pool Repair Singapore – Quick Fix","Swimming Pool Repair Singapore – Quick Fix","true","Singapore’s trusted pool repair experts · Fully insured team · Call +65 8183 6772 · Quick, reliable service for all pool types · Consistent 5 STAR Google Rating.","Singapore’s trusted pool repair experts · Fully insured team · Call +65 8183 6772 · Quick, reliable service for all pool types · Consistent 5 STAR Google Rating.","true","https://luminousengineering.com.sg/services/swimming-pool-repair","https://luminousengineering.com.sg/services/swimming-pool-repair","false","follow, index, max-snippet:-1, max-video-preview:-1, max-image-preview:large","index, follow, max-snippet:-1, max-video-preview:-1, max-image-preview:large","1","1","Answer | Article | FAQPage | Organization | Place | PostalAddress | Question | Service","0","7","0","4","1","1","true","3099","3099","0","3","0"
"/services/telecom-wiring-services","200","200","true","Telecom Wiring Services Singapore | Luminous Engineering","Telecom Wiring Services Singapore | Luminous Engineering","true","Telephone points, data cabling, CAT6 structured wiring, TV points, fibre-ready pathways and telecom fault repair. Contact Luminous Engineering for Telecom Wiring Services Singapore.","Telephone points, data cabling, CAT6 structured wiring, TV points, fibre-ready pathways and telecom fault repair. Contact Luminous Engineering for Telecom Wiring Services Singapore.","true","https://luminousengineering.com.sg/services/telecom-wiring-services","https://luminousengineering.com.sg/services/telecom-wiring-services","false","follow, index, max-snippet:-1, max-video-preview:-1, max-image-preview:large","index, follow, max-snippet:-1, max-video-preview:-1, max-image-preview:large","1","1","Answer | BreadcrumbList | Country | FAQPage | ListItem | Organization | PostalAddress | Question | Service","0","7","0","4","1","1","true","2417","2417","0","0","0"
"/services/three-phase-power-services","200","200","true","3-Phase Power Services Singapore | Luminous Engineering","3-Phase Power Services Singapore | Luminous Engineering","true","3-phase supply planning, DB installation, motor connection, load balancing and commercial power upgrades for high-load properties. Contact Luminous Engineering for 3-Phase Power Services Singapore.","3-phase supply planning, DB installation, motor connection, load balancing and commercial power upgrades for high-load properties. Contact Luminous Engineering for 3-Phase Power Services Singapore.","true","https://luminousengineering.com.sg/services/three-phase-power-services","https://luminousengineering.com.sg/services/three-phase-power-services","false","follow, index, max-snippet:-1, max-video-preview:-1, max-image-preview:large","index, follow, max-snippet:-1, max-video-preview:-1, max-image-preview:large","1","1","Answer | BreadcrumbList | Country | FAQPage | ListItem | Organization | PostalAddress | Question | Service","0","7","0","4","1","1","true","2444","2444","0","0","0"
"/services/tile-installation","200","200","true","Tile, Parquet & Flooring Solutions","Tile, Parquet & Flooring Solutions","true","Singapore's Top-notch Tiling Contractor Service · Call Luminous Engineering's on +65 8183 6772 · Fully Insured Team · Consistent 5 STAR Google Rating.","Singapore's Top-notch Tiling Contractor Service · Call Luminous Engineering's on +65 8183 6772 · Fully Insured Team · Consistent 5 STAR Google Rating.","true","https://luminousengineering.com.sg/services/tile-installation","https://luminousengineering.com.sg/services/tile-installation","false","","index, follow, max-snippet:-1, max-video-preview:-1, max-image-preview:large","1","1","Answer | Article | FAQPage | Organization | Place | PostalAddress | Question | Service","0","7","0","4","1","1","true","3096","3096","0","3","0"
"/services/water-feature-system-installation","200","200","true","Water Feature System Installation Singapore - Luminous Engineering","Water Feature System Installation Singapore - Luminous Engineering","true","Transform your space with elegant water features. Custom designs, quality components, and smart technology integration by Luminous Engineering.","Transform your space with elegant water features. Custom designs, quality components, and smart technology integration by Luminous Engineering.","false","https://luminousengineeringsg.com/services/water-feature-system-installation/","https://luminousengineering.com.sg/services/water-feature-system-installation","false","follow, index, max-snippet:-1, max-video-preview:-1, max-image-preview:large","index, follow, max-snippet:-1, max-video-preview:-1, max-image-preview:large","1","1","AdministrativeArea | Answer | Article | FAQPage | Offer | Organization | PostalAddress | Question | Service | WebPage","0","7","0","4","1","1","true","2389","2389","0","3","0"
"/services/water-heater-installation","200","200","true","Water Heater Installation Singapore | Luminous Engineering","Water Heater Installation Singapore | Luminous Engineering","true","Supply, replacement, wiring and installation for instant, storage and heat pump water heaters with safe dedicated circuits. Contact Luminous Engineering for Water Heater Installation Singapore.","Supply, replacement, wiring and installation for instant, storage and heat pump water heaters with safe dedicated circuits. Contact Luminous Engineering for Water Heater Installation Singapore.","true","https://luminousengineering.com.sg/services/water-heater-installation","https://luminousengineering.com.sg/services/water-heater-installation","false","follow, index, max-snippet:-1, max-video-preview:-1, max-image-preview:large","index, follow, max-snippet:-1, max-video-preview:-1, max-image-preview:large","1","1","Answer | BreadcrumbList | Country | FAQPage | ListItem | Organization | PostalAddress | Question | Service","0","7","0","4","1","1","true","2409","2409","0","0","0"
"/services/waterproofing","200","200","true","Waterproofing services Singapore – Quality Guaranteed","Waterproofing services Singapore – Quality Guaranteed","true","Singapore’s top-rated waterproofing experts · Fully insured professionals · Call +65 8183 6772 · Residential & commercial waterproofing solutions · Consistent 5 STAR Google Rating.","Singapore’s top-rated waterproofing experts · Fully insured professionals · Call +65 8183 6772 · Residential & commercial waterproofing solutions · Consistent 5 STAR Google Rating.","true","https://luminousengineering.com.sg/services/waterproofing","https://luminousengineering.com.sg/services/waterproofing","false","","index, follow, max-snippet:-1, max-video-preview:-1, max-image-preview:large","1","1","Answer | Article | FAQPage | Organization | Place | PostalAddress | Question | Service","0","7","0","4","1","1","true","2889","2889","0","0","0"
